name,start_date_local,distance,moving_time,total_elevation_gain,average_speed,average_heartrate,max_heartrate,distance_km,duree_min,allure_min_km
Morning Run,2026-05-15 09:23:44+00:00,12007.7,3767,57.0,3.188,141.0,164.0,12.007700000000002,62.78333333333333,5.228589432891671
Morning Run,2026-05-14 08:31:44+00:00,16006.0,5189,33.0,3.085,132.8,147.0,16.006,86.48333333333333,5.403182140030822
Morning Run,2026-05-13 10:01:15+00:00,9461.0,2450,33.0,3.862,158.5,176.0,9.461,40.833333333333336,4.315963781136596
Lunch Run,2026-05-12 11:52:32+00:00,14629.8,4670,22.0,3.133,138.3,150.0,14.6298,77.83333333333333,5.320191207899858
Morning Run,2026-05-10 09:11:20+00:00,24109.7,7016,52.0,3.436,149.1,175.0,24.1097,116.93333333333334,4.850053436307102
Afternoon Run,2026-05-09 13:02:44+00:00,10056.3,3116,23.0,3.227,141.7,153.0,10.056299999999998,51.93333333333333,5.164258557653743
Lunch Run,2026-05-08 11:00:04+00:00,12012.7,3146,53.0,3.818,160.1,173.0,12.0127,52.43333333333333,4.364825004647859
Lunch Run,2026-05-07 11:14:57+00:00,12341.5,3881,52.0,3.18,141.8,161.0,12.3415,64.68333333333334,5.241124120514795
Lunch Run,2026-05-06 11:17:35+00:00,18014.3,5929,30.0,3.038,135.5,151.0,18.0143,98.81666666666666,5.485456924036275
Morning Run,2026-05-05 10:42:49+00:00,9640.6,2722,43.0,3.542,158.6,176.0,9.640600000000001,45.36666666666667,4.705792862131679
Morning Run,2026-05-03 10:27:52+00:00,9004.9,2867,52.0,3.141,140.8,160.0,9.0049,47.78333333333333,5.306370235464396
Morning Run,2026-05-03 09:00:10+00:00,21082.1,4882,65.0,4.318,167.9,180.0,21.082099999999997,81.36666666666666,3.859514311509132
Morning Run,2026-04-30 10:54:25+00:00,10021.1,3100,42.0,3.233,142.7,166.0,10.0211,51.666666666666664,5.15578795408355
Lunch Run,2026-04-29 12:21:31+00:00,10038.0,3218,34.0,3.119,159.0,180.0,10.038,53.63333333333333,5.343029820017268
Morning Run,2026-04-28 10:07:29+00:00,14005.3,4475,24.0,3.13,139.3,157.0,14.0053,74.58333333333333,5.3253649213750025
Lunch Run,2026-04-27 11:21:00+00:00,12021.3,3717,67.0,3.234,144.2,170.0,12.0213,61.95,5.153352798782162
Morning Run,2026-04-26 09:17:00+00:00,15148.9,4154,46.0,3.647,154.4,176.0,15.1489,69.23333333333333,4.5701888145893985
Lunch Run,2026-04-25 11:52:46+00:00,10025.3,3003,35.0,3.338,147.3,167.0,10.0253,50.05,4.9923693056566885
Lunch Run,2026-04-24 11:48:40+00:00,9578.7,2382,27.0,4.021,160.1,185.0,9.578700000000001,39.7,4.144612525708081
Morning Run,2026-04-23 10:03:44+00:00,14007.8,4408,21.0,3.178,140.4,153.0,14.0078,73.46666666666667,5.244697002146424
Morning Run,2026-04-22 10:08:27+00:00,16504.0,5279,23.0,3.126,138.7,150.0,16.504,87.98333333333333,5.331030861205364
Lunch Run,2026-04-21 11:17:08+00:00,10465.1,2751,54.0,3.804,153.9,176.0,10.4651,45.85,4.381229037467392
Morning Run,2026-04-19 09:17:33+00:00,35047.1,10466,73.0,3.349,145.9,175.0,35.0471,174.43333333333334,4.977111753421348
Morning Run,2026-04-18 09:17:35+00:00,10675.6,3298,66.0,3.237,142.4,170.0,10.675600000000001,54.96666666666667,5.148812869222026
Afternoon Run,2026-04-17 15:53:05+00:00,10038.2,3106,25.0,3.232,142.1,154.0,10.038200000000002,51.766666666666666,5.156967052526016
Morning Run,2026-04-17 07:48:50+00:00,10039.5,2731,27.0,3.676,158.4,179.0,10.0395,45.516666666666666,4.533758321297541
Morning Run,2026-04-16 08:59:11+00:00,14335.0,4574,63.0,3.134,138.4,159.0,14.335,76.23333333333333,5.317986280665039
Morning Run,2026-04-15 07:06:11+00:00,20489.5,6752,106.0,3.035,136.1,159.0,20.4895,112.53333333333333,5.492243994891693
Afternoon Run,2026-04-14 14:26:18+00:00,10003.1,3072,0.0,3.256,158.9,178.0,10.0031,51.2,5.118413291879517
Morning Run,2026-04-14 09:05:27+00:00,10841.0,2835,41.0,3.824,156.7,175.0,10.841,47.25,4.358454017157089
Morning Run,2026-04-12 08:36:11+00:00,15039.2,4737,81.0,3.175,140.3,164.0,15.039200000000001,78.95,5.249614341188361
Afternoon Run,2026-04-11 16:56:59+00:00,10346.0,3268,16.0,3.166,139.9,152.0,10.346,54.46666666666667,5.264514466138282
Morning Run,2026-04-11 09:10:55+00:00,28130.7,8138,75.0,3.457,149.9,173.0,28.1307,135.63333333333333,4.82154135280435
Afternoon Run,2026-04-10 16:03:18+00:00,10000.1,3097,0.0,3.229,158.2,178.0,10.0001,51.61666666666667,5.161615050516161
Morning Run,2026-04-10 09:49:51+00:00,11646.8,3720,0.0,3.131,137.1,177.0,11.646799999999999,62.0,5.323350619912766
Afternoon Run,2026-04-09 15:39:14+00:00,14006.2,4466,20.0,3.136,137.6,158.0,14.006200000000002,74.43333333333334,5.314313185113259
Afternoon Run,2026-04-08 14:30:14+00:00,20044.9,6612,80.0,3.032,134.8,152.0,20.044900000000002,110.2,5.497657758332543
Morning Run,2026-04-08 08:04:50+00:00,10303.3,3237,37.0,3.183,140.1,157.0,10.3033,53.95,5.236186464530782
Evening Run,2026-04-07 18:07:18+00:00,9140.4,3186,0.0,2.869,152.5,169.0,9.1404,53.1,5.809373769200473
Morning Run,2026-04-05 10:25:25+00:00,15162.0,4929,110.0,3.076,138.0,173.0,15.162,82.15,5.418150639757288
Lunch Run,2026-04-04 12:05:41+00:00,25014.3,7544,290.0,3.316,145.1,177.0,25.0143,125.73333333333333,5.026458199243367
Morning Run,2026-04-03 08:31:52+00:00,21001.1,5421,0.0,3.874,172.7,196.0,21.001099999999997,90.35,4.302155601373261
Morning Run,2026-04-02 08:46:25+00:00,14837.0,4752,90.0,3.122,139.0,166.0,14.837,79.2,5.338006335512571
Morning Run,2026-04-01 09:27:36+00:00,18524.6,6014,54.0,3.08,134.9,160.0,18.5246,100.23333333333333,5.410823085698657
Afternoon Run,2026-03-31 16:26:12+00:00,9742.5,3021,47.0,3.225,143.0,165.0,9.7425,50.35,5.1680780087246605
Morning Run,2026-03-31 09:33:14+00:00,22003.5,7193,0.0,3.059,159.5,179.0,22.0035,119.88333333333334,5.4483756372092325
Afternoon Run,2026-03-30 16:39:51+00:00,12348.3,3883,18.0,3.18,140.1,158.0,12.3483,64.71666666666667,5.2409373490008075
Afternoon Run,2026-03-29 17:30:02+00:00,13106.9,4131,31.0,3.173,138.7,153.0,13.1069,68.85,5.252958365441104
Morning Run,2026-03-29 09:19:42+00:00,32203.2,9732,155.0,3.309,149.1,189.0,32.2032,162.2,5.036766532518507
Morning Run,2026-03-28 10:42:22+00:00,10055.2,3112,70.0,3.231,160.5,181.0,10.055200000000001,51.86666666666667,5.158193438884027
Afternoon Run,2026-03-27 17:19:23+00:00,10713.4,3373,38.0,3.176,137.0,158.0,10.7134,56.21666666666667,5.247322667562741
Morning Run,2026-03-27 09:39:13+00:00,11242.6,3480,0.0,3.231,153.9,170.0,11.2426,58.0,5.158948997562842
Lunch Run,2026-03-26 11:39:03+00:00,14238.4,4554,18.0,3.127,136.9,150.0,14.2384,75.9,5.330655129789864
Morning Run,2026-03-25 10:22:41+00:00,19783.9,6424,101.0,3.08,138.1,158.0,19.783900000000003,107.06666666666666,5.411807917886092
Afternoon Run,2026-03-24 17:28:14+00:00,10289.4,3240,81.0,3.176,140.5,162.0,10.289399999999999,54.0,5.248119423873113
Morning Run,2026-03-24 08:57:32+00:00,13196.5,4200,0.0,3.142,151.5,183.0,13.1965,70.0,5.304436782480203
Morning Run,2026-03-22 08:28:57+00:00,20070.0,6797,87.0,2.953,132.7,157.0,20.07,113.28333333333333,5.644411227370869
Morning Run,2026-03-21 09:26:37+00:00,25013.9,7524,34.0,3.325,143.9,175.0,25.013900000000003,125.4,5.013212653764507
Morning Run,2026-03-20 09:49:10+00:00,17002.8,4394,0.0,3.87,172.0,191.0,17.0028,73.23333333333333,4.307133726993985
Lunch Run,2026-03-19 11:59:25+00:00,14000.0,4478,32.0,3.126,137.2,150.0,14.0,74.63333333333334,5.3309523809523816
Lunch Run,2026-03-18 11:32:27+00:00,20591.3,6794,117.0,3.031,137.1,154.0,20.5913,113.23333333333333,5.4990861836471385
Afternoon Run,2026-03-17 16:32:15+00:00,12007.0,3780,56.0,3.176,141.7,171.0,12.007,63.0,5.246939285416841
Lunch Run,2026-03-17 11:32:05+00:00,12680.3,4020,0.0,3.154,146.6,179.0,12.680299999999999,67.0,5.283786661198868
Morning Run,2026-03-15 09:17:19+00:00,30305.4,9061,68.0,3.345,147.6,188.0,30.305400000000002,151.01666666666668,4.983160316863222
Lunch Run,2026-03-14 11:30:40+00:00,11634.4,3601,0.0,3.231,149.3,180.0,11.6344,60.016666666666666,5.158552797451237
Lunch Run,2026-03-13 12:09:15+00:00,9341.9,2662,0.0,3.509,164.3,194.0,9.341899999999999,44.36666666666667,4.749212330111291
Lunch Run,2026-03-12 11:08:33+00:00,14002.6,4435,0.0,3.157,158.7,181.0,14.002600000000001,73.91666666666667,5.278781559615119
Morning Run,2026-03-11 09:10:21+00:00,20002.1,6408,0.0,3.121,151.5,170.0,20.0021,106.8,5.3394393588673195
Afternoon Run,2026-03-10 16:22:40+00:00,10122.0,3182,29.0,3.181,144.3,162.0,10.122,53.03333333333333,5.239412500823289
Lunch Run,2026-03-10 11:15:43+00:00,10554.3,3720,0.0,2.837,145.1,182.0,10.5543,62.0,5.874382952919663
Morning Run,2026-03-08 09:15:00+00:00,24365.6,7162,65.0,3.402,148.8,181.0,24.365599999999997,119.36666666666666,4.898983266025326
Morning Run,2026-03-07 09:40:56+00:00,14006.0,4318,0.0,3.244,154.1,175.0,14.006,71.96666666666667,5.138274073016326
Lunch Run,2026-03-06 12:01:31+00:00,17002.3,4360,0.0,3.9,171.7,194.0,17.002299999999998,72.66666666666667,4.273931566121447
Afternoon Run,2026-03-05 13:32:40+00:00,16002.7,5122,89.0,3.124,139.4,159.0,16.0027,85.36666666666666,5.3345164670128575
Lunch Run,2026-03-04 11:36:39+00:00,19004.3,6250,138.0,3.041,137.7,162.0,19.0043,104.16666666666667,5.481215654702708
Afternoon Run,2026-03-03 17:36:14+00:00,12331.5,3895,109.0,3.166,141.9,169.0,12.3315,64.91666666666667,5.264296044006542
Lunch Run,2026-03-03 12:28:27+00:00,12501.4,4021,0.0,3.109,134.9,179.0,12.5014,67.01666666666667,5.360732931245034
Afternoon Run,2026-03-01 14:20:18+00:00,34006.0,10712,314.0,3.175,142.4,175.0,34.006,178.53333333333333,5.250053912054735
Morning Run,2026-02-28 09:27:41+00:00,10012.5,3103,70.0,3.227,144.2,175.0,10.0125,51.71666666666667,5.1652101539742
Lunch Run,2026-02-27 12:26:31+00:00,11855.7,3660,0.0,3.239,146.1,180.0,11.8557,61.0,5.145204416441037
Lunch Run,2026-02-26 12:36:54+00:00,14003.0,4479,107.0,3.126,140.1,167.0,14.003,74.65,5.33100049989288
Lunch Run,2026-02-25 11:48:53+00:00,20004.7,6499,105.0,3.078,138.1,164.0,20.0047,108.31666666666666,5.414560911519127
Evening Run,2026-02-24 18:15:06+00:00,13007.3,4438,33.0,2.931,133.0,159.0,13.007299999999999,73.96666666666667,5.6865503729956774
Lunch Run,2026-02-24 11:44:08+00:00,13273.5,4200,0.0,3.16,150.1,177.0,13.2735,70.0,5.273665574264512
Morning Run,2026-02-22 08:35:27+00:00,13653.3,4474,39.0,3.052,137.4,163.0,13.6533,74.56666666666666,5.461439114841589
Morning Run,2026-02-21 09:13:25+00:00,28198.4,8703,124.0,3.24,144.8,175.0,28.198400000000003,145.05,5.14390887426237
Lunch Run,2026-02-20 12:30:02+00:00,18003.2,4651,0.0,3.871,172.2,193.0,18.0032,77.51666666666667,4.305716020855551
Lunch Run,2026-02-19 11:39:25+00:00,12484.9,3930,64.0,3.177,142.9,181.0,12.4849,65.5,5.246337575791556
Lunch Run,2026-02-18 11:33:09+00:00,20003.0,6632,0.0,3.016,157.2,186.0,20.003,110.53333333333333,5.5258377909980165
Afternoon Run,2026-02-17 16:12:55+00:00,10001.5,3109,0.0,3.217,154.7,178.0,10.0015,51.81666666666667,5.180889533236681
Morning Run,2026-02-17 10:19:14+00:00,12193.6,3750,0.0,3.252,139.1,179.0,12.1936,62.5,5.125639679832043
Morning Run,2026-02-15 09:14:01+00:00,26011.0,7914,104.0,3.287,145.2,172.0,26.011,131.9,5.070931528968513
Morning Run,2026-02-14 07:11:21+00:00,19012.9,6392,85.0,2.974,134.7,170.0,19.012900000000002,106.53333333333333,5.603213256964131
Lunch Run,2026-02-13 12:05:55+00:00,11266.5,3480,0.0,3.238,149.8,178.0,11.2665,58.0,5.148005148005148
Lunch Run,2026-02-12 12:03:22+00:00,14002.4,4406,0.0,3.178,164.0,182.0,14.0024,73.43333333333334,5.244339065683978
Lunch Run,2026-02-11 11:42:14+00:00,20000.3,6431,0.0,3.11,156.0,179.0,20.0003,107.18333333333334,5.359086280372462
Lunch Run,2026-02-10 12:23:32+00:00,12568.0,4020,0.0,3.126,153.3,177.0,12.568,67.0,5.330999363462762
Morning Run,2026-02-08 10:58:12+00:00,32006.6,9852,0.0,3.249,169.2,188.0,32.0066,164.2,5.130191897921054
Morning Run,2026-02-07 10:20:13+00:00,12002.7,3667,0.0,3.273,157.2,179.0,12.0027,61.11666666666667,5.091909875833493
Lunch Run,2026-02-06 12:17:45+00:00,18002.3,4671,0.0,3.854,171.2,193.0,18.002299999999998,77.85,4.324447431717059
Lunch Run,2026-02-05 12:49:06+00:00,12000.2,3739,0.0,3.209,153.1,178.0,12.000200000000001,62.31666666666667,5.19296900607212
Lunch Run,2026-02-04 11:33:41+00:00,18000.4,5761,0.0,3.125,164.0,187.0,18.000400000000003,96.01666666666667,5.334140722798752
Afternoon Run,2026-02-03 13:31:51+00:00,6489.1,2267,0.0,2.862,147.2,183.0,6.4891000000000005,37.78333333333333,5.822584539201634
Morning Run,2026-02-01 09:15:29+00:00,28014.7,8584,141.0,3.264,143.8,169.0,28.0147,143.06666666666666,5.106842717097333
Evening Run,2026-01-31 18:35:30+00:00,12001.9,3702,0.0,3.242,159.6,180.0,12.0019,61.7,5.1408526983227665
Lunch Run,2026-01-30 12:53:08+00:00,16001.1,4175,0.0,3.833,168.0,193.0,16.0011,69.58333333333333,4.348659363002127
Lunch Run,2026-01-29 11:50:58+00:00,14002.0,4395,0.0,3.186,159.4,179.0,14.002,73.25,5.231395514926438
Lunch Run,2026-01-28 12:17:21+00:00,20001.9,6505,0.0,3.075,163.5,200.0,20.001900000000003,108.41666666666667,5.42031840308504
Lunch Run,2026-01-27 11:36:54+00:00,12379.3,4200,0.0,2.947,151.4,194.0,12.379299999999999,70.0,5.654600825571721
Afternoon Run,2026-01-25 14:53:42+00:00,34000.7,10609,0.0,3.205,160.7,184.0,34.000699999999995,176.81666666666666,5.200383129366945
Morning Run,2026-01-24 10:43:21+00:00,10002.7,3056,0.0,3.273,141.6,179.0,10.0027,50.93333333333333,5.091958504537107
Lunch Run,2026-01-23 12:10:59+00:00,10601.2,3960,0.0,2.677,141.5,179.0,10.6012,66.0,6.225710296947515
Afternoon Run,2026-01-22 13:58:15+00:00,14017.0,4446,5.0,3.153,139.0,152.0,14.017,74.1,5.286437896839551
Afternoon Run,2026-01-20 13:16:12+00:00,12900.1,4200,0.0,3.071,144.0,174.0,12.9001,70.0,5.426314524693607
Afternoon Run,2026-01-19 17:47:56+00:00,16210.9,5272,5.0,3.075,136.2,148.0,16.2109,87.86666666666666,5.420221373684784
Course à pied matinale,2026-01-18 08:30:03+00:00,28010.3,8507,15.0,3.293,144.8,181.0,28.0103,141.78333333333333,5.061828446440535
Morning Run,2026-01-17 08:37:26+00:00,13184.0,4085,2.0,3.227,142.5,154.0,13.184,68.08333333333333,5.164087783171521
Morning Run,2026-01-16 09:38:23+00:00,9105.5,2561,0.0,3.555,151.3,182.0,9.1055,42.68333333333333,4.687642999652224
Afternoon Run,2026-01-15 17:43:27+00:00,10395.6,3123,0.0,3.329,145.2,173.0,10.3956,52.05,5.006926007156874
Morning Run,2026-01-14 07:51:06+00:00,16187.8,5182,2.0,3.124,137.8,147.0,16.1878,86.36666666666666,5.335293657363364
Morning Run,2026-01-13 08:40:15+00:00,12034.3,4020,0.0,2.994,141.0,175.0,12.0343,67.0,5.567419791761881
Afternoon Run,2026-01-11 13:24:05+00:00,28748.8,9013,0.0,3.19,143.4,171.0,28.7488,150.21666666666667,5.225145629266845
Lunch Run,2026-01-10 11:05:23+00:00,14585.3,4509,0.0,3.235,141.2,159.0,14.5853,75.15,5.1524480127251415
Evening Run,2026-01-09 18:01:26+00:00,11018.4,3491,0.0,3.156,137.6,162.0,11.0184,58.18333333333333,5.28056100099228
Lunch Run,2026-01-08 11:56:37+00:00,10327.4,3795,0.0,2.721,145.9,195.0,10.327399999999999,63.25,6.124484381354455
Lunch Run,2026-01-06 12:18:56+00:00,12253.9,4200,0.0,2.918,146.6,173.0,12.2539,70.0,5.712467051306115
Lunch Run,2026-01-04 11:44:11+00:00,28369.4,8959,0.0,3.167,162.4,185.0,28.369400000000002,149.31666666666666,5.263300128542255
Morning Run,2026-01-03 08:10:08+00:00,14169.2,4424,0.0,3.203,140.8,156.0,14.1692,73.73333333333333,5.20377532488308
Afternoon Run,2026-01-02 15:16:26+00:00,16982.2,4800,0.0,3.538,165.7,188.0,16.982200000000002,80.0,4.710814853199231
Lunch Run,2026-01-01 11:25:26+00:00,14004.4,4449,0.0,3.148,139.3,147.0,14.0044,74.15,5.294764502584902
Lunch Run,2025-12-31 12:18:50+00:00,20251.4,6617,2.0,3.061,136.6,144.0,20.2514,110.28333333333333,5.44571404116917
Lunch Run,2025-12-30 11:39:34+00:00,9962.2,3480,0.0,2.863,140.8,163.0,9.962200000000001,58.0,5.822007187167492
Morning Run,2025-12-24 10:03:46+00:00,24127.5,7963,89.0,3.03,136.2,160.0,24.1275,132.71666666666667,5.500638966601043
Evening Run,2025-12-23 18:25:07+00:00,16619.0,6370,75.0,2.609,129.1,160.0,16.619,106.16666666666667,6.388270453497002
Morning Run,2025-12-23 10:52:18+00:00,11388.0,3840,0.0,2.966,135.1,171.0,11.388,64.0,5.619950825430277
Morning Run,2025-12-21 08:34:17+00:00,14743.5,5308,74.0,2.778,135.5,158.0,14.7435,88.46666666666667,6.00038435016561
Lunch Run,2025-12-20 11:18:24+00:00,10036.2,3455,14.0,2.905,132.1,153.0,10.036200000000001,57.583333333333336,5.737563353991883
Morning Run,2025-12-20 07:37:32+00:00,20646.6,7140,98.0,2.892,132.6,153.0,20.6466,119.0,5.763660844884872
Lunch Run,2025-12-19 11:28:13+00:00,9741.3,3720,0.0,2.619,140.9,174.0,9.741299999999999,62.0,6.364653588330101
Afternoon Run,2025-12-18 17:26:39+00:00,13997.5,4409,28.0,3.175,141.0,155.0,13.9975,73.48333333333333,5.249746978627136
Afternoon Run,2025-12-17 13:51:51+00:00,20007.4,6507,98.0,3.075,138.0,159.0,20.0074,108.45,5.420494417065686
Lunch Run,2025-12-16 12:17:52+00:00,6662.5,2111,0.0,3.156,136.7,175.0,6.6625,35.18333333333333,5.280800500312695
Morning Run,2025-12-14 09:03:26+00:00,30130.0,9698,173.0,3.107,139.9,163.0,30.13,161.63333333333333,5.364531474720655
Afternoon Run,2025-12-13 13:55:13+00:00,12121.5,3746,49.0,3.236,142.9,170.0,12.1215,62.43333333333333,5.150627672592776
Lunch Run,2025-12-12 11:24:03+00:00,17643.0,4500,0.0,3.921,175.2,198.0,17.643,75.0,4.250977724876721
Afternoon Run,2025-12-11 14:13:54+00:00,14166.9,4457,33.0,3.179,140.3,156.0,14.1669,74.28333333333333,5.243443049173307
Lunch Run,2025-12-10 11:42:05+00:00,18679.0,5954,42.0,3.137,140.4,166.0,18.679,99.23333333333333,5.312561343398112
Lunch Run,2025-12-09 12:35:16+00:00,8444.9,2612,0.0,3.233,153.2,182.0,8.4449,43.53333333333333,5.154985060016498
Morning Run,2025-12-07 09:22:25+00:00,22567.1,6882,110.0,3.279,144.7,170.0,22.5671,114.7,5.082620274647606
Morning Run,2025-12-06 07:03:14+00:00,20618.9,6904,98.0,2.987,135.6,169.0,20.6189,115.06666666666666,5.580640415670413
Afternoon Run,2025-12-05 13:11:53+00:00,8668.6,2757,0.0,3.144,154.8,184.0,8.6686,45.95,5.300740604019104
Lunch Run,2025-12-04 12:41:15+00:00,14004.6,4409,88.0,3.176,140.6,168.0,14.0046,73.48333333333333,5.247085481437051
Lunch Run,2025-12-03 12:53:10+00:00,20007.8,6396,75.0,3.128,139.6,157.0,20.0078,106.6,5.327922110376953
test 5 km,2025-12-02 11:07:12+00:00,9263.8,2606,0.0,3.555,129.0,169.0,9.2638,43.43333333333333,4.688500759227675
Morning Run,2025-11-30 10:24:47+00:00,30003.5,9290,207.0,3.23,145.6,183.0,30.0035,154.83333333333334,5.1605090517217445
Afternoon Run,2025-11-27 16:51:49+00:00,8982.5,2699,0.0,3.328,147.3,171.0,8.9825,44.983333333333334,5.007885703683088
Morning Run,2025-11-27 07:34:15+00:00,12008.0,3717,9.0,3.231,142.7,158.0,12.008,61.95,5.159060626249168
Morning Run,2025-11-26 05:57:47+00:00,16005.6,5120,4.0,3.126,138.5,150.0,16.0056,85.33333333333333,5.331467319771413
Afternoon Run,2025-11-25 16:43:28+00:00,9245.3,2669,5.0,3.464,159.0,177.0,9.245299999999999,44.483333333333334,4.811453747669988
Morning Run,2025-11-24 06:18:20+00:00,12009.5,3782,4.0,3.175,140.0,150.0,12.0095,63.03333333333333,5.248622618205032
Morning Run,2025-11-23 07:19:00+00:00,25010.5,7750,11.0,3.227,142.0,163.0,25.0105,129.16666666666666,5.164497577684039
Morning Run,2025-11-22 07:48:37+00:00,10478.5,3249,21.0,3.225,143.9,162.0,10.4785,54.15,5.167724388032638
Afternoon Run,2025-11-21 14:44:46+00:00,12061.0,3743,16.0,3.222,143.2,157.0,12.061,62.38333333333333,5.172318492109555
Lunch Run,2025-11-20 12:33:00+00:00,10678.4,3300,0.0,3.236,143.5,170.0,10.6784,55.0,5.150584357207072
Lunch Run,2025-11-19 12:30:20+00:00,18233.8,5928,76.0,3.076,137.9,159.0,18.2338,98.8,5.418508484243548
Lunch Run,2025-11-18 11:38:49+00:00,12226.7,4020,0.0,3.041,149.6,176.0,12.226700000000001,67.0,5.479810578488062
Morning Run,2025-11-16 09:25:39+00:00,25070.0,7577,73.0,3.309,149.5,184.0,25.07,126.28333333333333,5.03722909187608
Afternoon Run,2025-11-15 14:08:29+00:00,15213.7,4721,141.0,3.223,144.8,176.0,15.213700000000001,78.68333333333334,5.171873596385714
Lunch Run,2025-11-14 11:37:21+00:00,18997.0,6180,115.0,3.074,136.5,157.0,18.997,103.0,5.421908722429857
Lunch Run,2025-11-12 12:23:16+00:00,17005.3,5429,125.0,3.132,140.1,161.0,17.0053,90.48333333333333,5.320890153853995
Soirée Guépards,2025-11-11 18:20:32+00:00,20392.0,6760,48.0,3.017,137.7,155.0,20.392,112.66666666666667,5.525042500326926
Matin Guépards,2025-11-09 08:33:05+00:00,33330.1,10175,129.0,3.276,146.3,182.0,33.3301,169.58333333333334,5.087993535372931
Split negatif avec Molly 🐕,2025-11-08 07:38:53+00:00,14782.1,4752,61.0,3.111,141.9,160.0,14.7821,79.2,5.3578314312580755
Lunch Run,2025-11-07 12:42:02+00:00,8451.2,2619,0.0,3.227,155.0,182.0,8.4512,43.65,5.1649469897766
🐆🐆🐆,2025-11-06 18:08:51+00:00,16011.6,5249,76.0,3.05,137.1,159.0,16.0116,87.48333333333333,5.463747116673744
Freestyle trajet inspiré de François et Marie-Ève,2025-11-05 09:33:59+00:00,21211.4,6999,79.0,3.031,138.1,169.0,21.2114,116.65,5.4994012653573074
Lunch Run,2025-11-04 11:33:13+00:00,12038.5,3840,0.0,3.135,156.9,194.0,12.0385,64.0,5.316276944802093
Afternoon Run,2025-11-02 14:43:45+00:00,25004.1,7599,94.0,3.29,145.2,171.0,25.004099999999998,126.65,5.065169312232794
Afternoon Run,2025-10-31 13:02:26+00:00,5696.4,1716,2.0,3.32,149.1,176.0,5.6964,28.6,5.020714837441192
Course à pied le soir,2025-10-30 18:28:26+00:00,11562.3,3601,0.0,3.211,145.8,156.0,11.562299999999999,60.016666666666666,5.190720416064855
Lunch Run,2025-10-29 12:32:27+00:00,18191.8,5912,105.0,3.077,137.4,154.0,18.1918,98.53333333333333,5.416359751829579
mardi au tapis,2025-10-28 10:39:12+00:00,11910.0,3880,0.0,3.07,135.9,170.0,11.91,64.66666666666667,5.429610971172685
Sortie d'équipe 🍂,2025-10-26 08:57:11+00:00,18054.6,5346,41.0,3.377,146.8,176.0,18.054599999999997,89.1,4.935030407763119
Run de cowboy à la Megan ! Yihaaa 🤠,2025-10-24 14:35:21+00:00,12214.6,3789,49.0,3.224,142.6,163.0,12.2146,63.15,5.170042408265518
Lunch Run,2025-10-23 11:16:16+00:00,8672.5,2571,25.0,3.373,151.2,173.0,8.6725,42.85,4.9409051599884695
Toronto marathon,2025-10-19 08:00:35+00:00,42779.2,10842,172.0,3.946,166.6,176.0,42.779199999999996,180.7,4.224015409357819
Morning Run,2025-10-15 09:17:36+00:00,9765.0,2817,51.0,3.466,149.9,173.0,9.765,46.95,4.807987711213518
Morning Run,2025-10-14 08:55:50+00:00,12122.8,3816,51.0,3.177,140.9,161.0,12.1228,63.6,5.246312733031973
Morning Run,2025-10-13 09:57:58+00:00,14143.8,4525,31.0,3.126,138.8,155.0,14.143799999999999,75.41666666666667,5.3321361067511335
Morning Run,2025-10-12 10:37:10+00:00,14989.5,4101,66.0,3.655,156.8,174.0,14.9895,68.35,4.5598585676640315
Morning Run,2025-10-10 10:23:15+00:00,9709.0,2816,34.0,3.448,152.3,179.0,9.709,46.93333333333333,4.834002815257321
Race night Guépards 🌆,2025-10-09 18:34:14+00:00,12214.3,4033,60.0,3.029,136.6,156.0,12.2143,67.21666666666667,5.5031124719932105
Morning Run,2025-10-08 10:24:00+00:00,16167.6,5259,68.0,3.074,136.8,158.0,16.1676,87.65,5.421336500160816
Morning Run,2025-10-07 10:42:08+00:00,10467.0,3012,22.0,3.475,155.9,176.0,10.467,50.2,4.796025604280119
Morning Run,2025-10-05 09:16:54+00:00,24006.5,6672,20.0,3.598,155.0,174.0,24.0065,111.2,4.63207881198842
sunset run 🌅,2025-10-03 17:59:12+00:00,8026.0,2523,25.0,3.181,139.8,156.0,8.026,42.05,5.239222526787939
Morning Run,2025-10-03 10:01:35+00:00,11118.0,3261,37.0,3.409,153.2,176.0,11.118,54.35,4.888469149127541
Nightlife Guépards,2025-10-02 17:23:02+00:00,19641.7,6508,94.0,3.018,136.2,156.0,19.6417,108.46666666666667,5.522264705532956
Lunch Run,2025-10-01 12:14:58+00:00,18323.6,6044,76.0,3.032,136.0,155.0,18.3236,100.73333333333333,5.497464108217454
Nuit Guépards,2025-09-30 18:02:50+00:00,12419.5,4583,56.0,2.71,132.1,161.0,12.4195,76.38333333333334,6.150274434021767
Morning Run,2025-09-30 10:10:07+00:00,13086.0,3821,53.0,3.425,150.7,182.0,13.086,63.68333333333333,4.8665240205817915
Team run,2025-09-28 08:57:21+00:00,30030.3,8480,53.0,3.541,153.1,176.0,30.0303,141.33333333333334,4.706357689844369
Afternoon Run,2025-09-26 16:49:11+00:00,10003.0,3201,28.0,3.125,139.4,157.0,10.003,53.35,5.333399980005998
Morning Run,2025-09-26 09:32:32+00:00,11076.4,3218,22.0,3.442,154.2,178.0,11.0764,53.63333333333333,4.842126804136122
Soirée Guépards,2025-09-25 17:54:02+00:00,14413.4,4695,68.0,3.07,138.5,164.0,14.4134,78.25,5.428975814172922
Morning Run,2025-09-24 09:47:35+00:00,22008.4,7486,43.0,2.94,131.4,147.0,22.0084,124.76666666666667,5.669047575774098
Evening Run,2025-09-23 18:31:00+00:00,10008.8,3202,42.0,3.126,138.2,159.0,10.008799999999999,53.36666666666667,5.331974529081076
Intervalles,2025-09-23 10:31:12+00:00,13809.0,4034,36.0,3.423,154.0,178.0,13.809,67.23333333333333,4.868805368479494
Team Run,2025-09-21 06:24:31+00:00,38836.1,12680,194.0,3.063,138.2,171.0,38.8361,211.33333333333334,5.441672395872225
Morning Run,2025-09-20 07:35:20+00:00,14477.6,4974,61.0,2.911,134.2,152.0,14.4776,82.9,5.726087196772946
it's friday night🕺,2025-09-19 16:25:43+00:00,10318.0,3298,64.0,3.129,139.6,167.0,10.318,54.96666666666667,5.327259804871746
Intervalles,2025-09-19 09:33:32+00:00,9799.6,2761,38.0,3.549,158.6,178.0,9.7996,46.016666666666666,4.695769895369879
Soirée Guépards,2025-09-18 17:53:54+00:00,14496.7,4720,61.0,3.071,137.0,162.0,14.4967,78.66666666666667,5.426522357961927
Rake Run,2025-09-17 11:30:19+00:00,20006.5,6804,91.0,2.94,130.2,156.0,20.0065,113.4,5.668157848699173
Afternoon Run,2025-09-16 17:23:38+00:00,10098.1,3239,27.0,3.118,137.8,153.0,10.0981,53.983333333333334,5.345890150952489
6x 1200m @ 3:55 /km,2025-09-16 10:52:09+00:00,11576.5,3043,35.0,3.804,154.6,174.0,11.5765,50.71666666666667,4.3810017420348695
Team Run,2025-09-14 08:59:08+00:00,30003.7,8066,59.0,3.72,159.0,176.0,30.003700000000002,134.43333333333334,4.4805585088950135
Lunch Run,2025-09-13 11:51:03+00:00,12323.4,3886,71.0,3.171,141.9,161.0,12.3234,64.76666666666667,5.25558422729658
Evening Run,2025-09-12 18:22:21+00:00,12007.8,3782,22.0,3.175,140.2,155.0,12.0078,63.03333333333333,5.249365690079227
série de 300,2025-09-12 09:29:28+00:00,10889.0,3403,35.0,3.2,137.2,169.0,10.889,56.71666666666667,5.208620320200815
Soirée Guépards,2025-09-11 17:51:26+00:00,17157.8,5681,78.0,3.02,140.2,184.0,17.157799999999998,94.68333333333334,5.5183842528373885
Crooked Path,2025-09-10 09:39:39+00:00,22003.1,7480,110.0,2.942,132.8,158.0,22.0031,124.66666666666667,5.6658682943161045
Soirée Guépards,2025-09-09 18:12:52+00:00,12397.7,3945,74.0,3.143,140.5,171.0,12.3977,65.75,5.303403050565831
série de 1000,2025-09-09 10:28:15+00:00,13938.5,4073,45.0,3.422,154.9,177.0,13.9385,67.88333333333334,4.870203632624267
long run fast finish,2025-09-07 05:28:04+00:00,35010.8,10249,22.0,3.416,148.5,174.0,35.0108,170.81666666666666,4.878970679523651
morning run,2025-09-06 10:10:35+00:00,15006.2,4875,52.0,3.078,137.3,160.0,15.006200000000002,81.25,5.414428702802841
afternoon run,2025-09-05 17:56:11+00:00,10254.8,3181,77.0,3.224,145.7,173.0,10.2548,53.016666666666666,5.169936680058769
alternance tempo,2025-09-05 11:17:43+00:00,15007.7,3842,50.0,3.906,162.7,176.0,15.007700000000002,64.03333333333333,4.266698650248427
Lunch Run,2025-09-04 11:04:10+00:00,12002.3,3723,60.0,3.224,143.8,160.0,12.0023,62.05,5.169842446864351
long run,2025-09-03 11:24:50+00:00,22003.5,7483,46.0,2.94,131.3,155.0,22.0035,124.71666666666667,5.668037660675196
Soirée Guépards,2025-09-02 18:11:07+00:00,14307.5,4443,68.0,3.22,142.7,171.0,14.3075,74.05,5.175607199021492
séance mixte,2025-09-02 10:41:31+00:00,12012.0,3529,41.0,3.404,140.1,177.0,12.012,58.81666666666667,4.8964923964923965
long run,2025-08-31 08:58:15+00:00,25085.7,6928,52.0,3.621,155.6,173.0,25.0857,115.46666666666667,4.602887966716762
steady run,2025-08-30 09:50:57+00:00,12393.2,3907,87.0,3.172,140.1,164.0,12.3932,65.11666666666666,5.254225435453851
run de soirée,2025-08-29 16:20:16+00:00,11016.2,3416,83.0,3.225,142.2,169.0,11.016200000000001,56.93333333333333,5.168146305743662
16x 250m @ 3:20 /km,2025-08-29 10:33:19+00:00,7997.5,1914,16.0,4.178,131.5,170.0,7.9975,31.9,3.988746483276024
Soirée Guépards,2025-08-28 19:04:11+00:00,4658.7,1545,25.0,3.015,136.4,161.0,4.6587,25.75,5.527293021658403
Test VMA,2025-08-28 18:53:14+00:00,1716.7,361,10.0,4.755,159.1,177.0,1.7167000000000001,6.016666666666667,3.504786314828838
Soirée Guépards,2025-08-28 18:32:52+00:00,2303.4,795,12.0,2.897,126.4,144.0,2.3034,13.25,5.752366067552314
Soirée Guépards,2025-08-28 18:14:21+00:00,2332.0,812,13.0,2.872,127.4,145.0,2.332,13.533333333333333,5.803316180674671
20 km @ 5:30 /km,2025-08-27 10:56:01+00:00,21602.9,7131,68.0,3.029,136.0,161.0,21.6029,118.85,5.501576177272495
Soirée Guépards,2025-08-26 17:55:05+00:00,15007.6,5189,190.0,2.892,136.9,167.0,15.0076,86.48333333333333,5.762635820073385
fractionné mixte,2025-08-26 10:35:33+00:00,10003.6,2437,38.0,4.105,154.3,176.0,10.0036,40.61666666666667,4.060204992869234
35 km,2025-08-24 09:59:51+00:00,35006.0,10403,29.0,3.365,147.4,168.0,35.006,173.38333333333333,4.952960444876116
12 km @ 5:15 /km,2025-08-23 08:17:07+00:00,12005.5,3785,7.0,3.172,139.5,153.0,12.0055,63.083333333333336,5.254536115391557
12 km @ 5:15 /km,2025-08-22 14:52:27+00:00,12000.5,3787,99.0,3.169,143.4,164.0,12.0005,63.11666666666667,5.259503076260711
16 km tempo,2025-08-22 10:01:57+00:00,16008.3,4178,49.0,3.832,160.8,178.0,16.0083,69.63333333333334,4.349826860649372
Soirée Guépards,2025-08-21 18:10:14+00:00,13310.2,4038,94.0,3.296,141.8,175.0,13.3102,67.3,5.0562726330182866
20 km @ 5:30 /km,2025-08-20 10:39:25+00:00,20004.9,6603,186.0,3.03,137.9,170.0,20.004900000000003,110.05,5.501152217706661
Soirée Guépards,2025-08-19 18:04:53+00:00,12754.7,4074,55.0,3.131,140.9,172.0,12.754700000000001,67.9,5.32352779759618
12 km,2025-08-19 10:13:26+00:00,12004.9,3026,38.0,3.967,151.8,177.0,12.0049,50.43333333333333,4.201062343987316
Matin Guépards,2025-08-17 08:41:09+00:00,17574.4,5712,80.0,3.077,138.7,172.0,17.5744,95.2,5.416970138383102
Team run,2025-08-16 09:47:56+00:00,25544.0,7612,57.0,3.356,148.6,179.0,25.544,126.86666666666666,4.966593590145108
10x 500m @ 3:30 /km,2025-08-15 10:56:24+00:00,9005.5,2161,41.0,4.167,150.1,184.0,9.0055,36.016666666666666,3.9994077693261527
Soirée Guépards,2025-08-14 18:14:33+00:00,13612.2,4221,65.0,3.225,142.3,164.0,13.612200000000001,70.35,5.168157975933353
22 km @ 5:30 /km,2025-08-13 07:53:56+00:00,22007.7,7266,59.0,3.029,135.7,166.0,22.0077,121.1,5.502619537707257
Soirée Guépards,2025-08-12 17:57:04+00:00,11774.5,4097,60.0,2.874,140.5,165.0,11.7745,68.28333333333333,5.799255453168571
8x 1000m @ 3:40 /km comme target ⏱️🎯,2025-08-12 11:28:37+00:00,12006.6,2928,38.0,4.101,160.0,181.0,12.0066,48.8,4.064431229490446
cool down accompagné par l'orchestre symphonique des grillons de la Rive-Nord,2025-08-10 21:24:30+00:00,15005.1,4951,18.0,3.031,133.9,149.0,15.0051,82.51666666666667,5.499241369045635
Race à +1000 degré 🏜️,2025-08-10 08:50:06+00:00,21420.1,5805,160.0,3.69,161.0,195.0,21.420099999999998,96.75,4.516785635921401
12 km @ 5:10 /km,2025-08-07 15:28:54+00:00,12002.3,3712,103.0,3.233,142.9,160.0,12.0023,61.86666666666667,5.154567596766175
fractionné progressif,2025-08-06 11:16:32+00:00,9012.3,2351,44.0,3.833,152.8,177.0,9.0123,39.18333333333333,4.347761762628112
Afternoon Run,2025-08-05 16:41:36+00:00,12005.1,3784,121.0,3.173,142.6,174.0,12.0051,63.06666666666667,5.253322893325892
14 km @ 5:20 /km,2025-08-04 12:09:40+00:00,13996.5,4475,65.0,3.128,144.2,161.0,13.9965,74.58333333333333,5.328713130663618
35 km,2025-08-03 09:53:10+00:00,35030.2,10664,265.0,3.285,151.2,200.0,35.030199999999994,177.73333333333332,5.073717344843402
12 km @ 5:00 /km,2025-08-02 16:47:08+00:00,12014.0,3604,57.0,3.334,143.8,168.0,12.014,60.06666666666667,4.999722545918651
11 km @ 5:15/km,2025-08-01 17:38:11+00:00,11005.2,3466,47.0,3.175,144.0,163.0,11.0052,57.766666666666666,5.24903379008711
14x 400m @ 3:25 /km,2025-08-01 11:14:49+00:00,10549.0,2512,60.0,4.199,148.9,176.0,10.549,41.86666666666667,3.9687806111163777
14 km @ 5:15 /km,2025-07-31 15:42:57+00:00,14006.2,4414,66.0,3.173,142.7,162.0,14.006200000000002,73.56666666666666,5.252435826038944
24 km @ 5:30 /km,2025-07-30 13:24:20+00:00,24002.1,7921,24.0,3.03,137.7,159.0,24.0021,132.01666666666668,5.500213175791563
Soirée Guépards,2025-07-29 17:50:25+00:00,16339.0,5421,89.0,3.014,141.2,164.0,16.339,90.35,5.529714180794419
2x 4km @ 3:50 /km,2025-07-29 11:31:37+00:00,12557.7,3307,38.0,3.797,160.6,181.0,12.5577,55.11666666666667,4.389073370654392
long run fast finish 25 km,2025-07-27 11:26:39+00:00,25004.8,7214,156.0,3.466,154.7,180.0,25.0048,120.23333333333333,4.808410118590564
10 km @ 5:00/km,2025-07-26 12:55:50+00:00,10014.1,3007,115.0,3.33,147.2,172.0,10.014100000000001,50.11666666666667,5.004610166332138
10 km @ 5:15 /km,2025-07-25 16:59:18+00:00,10006.7,3148,77.0,3.179,146.7,171.0,10.0067,52.46666666666667,5.24315375365172
10x 600m @ 3:35 /km,2025-07-25 09:06:42+00:00,10506.7,2623,28.0,4.006,161.1,185.0,10.5067,43.71666666666667,4.160837053181938
13 km @ 5:10 /km,2025-07-24 11:30:57+00:00,13003.9,4034,170.0,3.224,147.0,173.0,13.0039,67.23333333333333,5.170243798655275
23 km @ 5:30 /km,2025-07-23 11:34:19+00:00,23004.2,7582,133.0,3.034,139.0,174.0,23.0042,126.36666666666666,5.493199792501659
10 km @ 5:15 /km,2025-07-22 16:30:06+00:00,10002.7,3155,106.0,3.17,145.5,173.0,10.0027,52.583333333333336,5.256913966562362
13 km,2025-07-22 11:11:18+00:00,13003.5,3248,35.0,4.004,160.9,175.0,13.0035,54.13333333333333,4.16298176132067
Matin Guépards,2025-07-20 08:41:03+00:00,18007.0,5855,25.0,3.075,142.2,159.0,18.007,97.58333333333333,5.419188833971973
Team run,2025-07-19 04:22:29+00:00,37036.5,11316,84.0,3.273,149.3,174.0,37.0365,188.6,5.092273837970651
Quelques Vamos extérieur 🏃‍➡️,2025-07-18 11:17:21+00:00,13269.7,4004,40.0,3.314,157.3,195.0,13.2697,66.73333333333333,5.029000906827836
14 km @ 5:20 /km,2025-07-17 09:27:31+00:00,14007.4,4484,151.0,3.124,145.9,173.0,14.0074,74.73333333333333,5.335275164079938
18 km @ 5:25 /km,2025-07-16 07:50:06+00:00,18005.0,5857,90.0,3.074,142.2,163.0,18.005,97.61666666666666,5.42164213644358
10 km @ 5:15 /km,2025-07-15 16:02:07+00:00,10005.4,3148,90.0,3.178,146.4,169.0,10.0054,52.46666666666667,5.243834995768951
Mardi au tapis,2025-07-15 11:12:59+00:00,12646.3,4062,0.0,3.113,143.4,174.0,12.6463,67.7,5.353344456481342
12 km @ 5:10 /km,2025-07-13 07:44:22+00:00,12008.4,3720,2.0,3.228,147.0,157.0,12.0084,62.0,5.163052529895739
25 km @ 5:10 /km,2025-07-12 08:18:46+00:00,25005.2,7744,50.0,3.229,145.9,171.0,25.005200000000002,129.06666666666666,5.161593055311162
8 km @ 5:20 /km,2025-07-11 15:15:39+00:00,7998.0,2556,64.0,3.129,145.4,165.0,7.998,42.6,5.326331582895724
Tapis VMA,2025-07-11 09:47:49+00:00,11679.5,4002,0.0,2.918,151.6,170.0,11.6795,66.7,5.710860910141701
Soirée Guépards,2025-07-10 18:31:10+00:00,9660.8,3477,53.0,2.778,145.0,172.0,9.6608,57.95,5.998468035773435
12 km @ 5:15 /km,2025-07-10 17:15:26+00:00,12002.1,3780,126.0,3.175,146.8,167.0,12.0021,63.0,5.249081410753118
20 km @ 5:30 /km,2025-07-09 10:14:03+00:00,20004.8,6588,62.0,3.037,141.0,169.0,20.0048,109.8,5.488682716148125
Soirée Guépards,2025-07-08 18:06:40+00:00,12163.2,4001,54.0,3.04,137.1,171.0,12.163200000000002,66.68333333333334,5.482384021748662
8 km @ 5:20 /km,2025-07-08 17:23:34+00:00,8002.5,2561,90.0,3.125,139.5,164.0,8.0025,42.68333333333333,5.333749869832344
Mardi au tapis,2025-07-08 10:15:53+00:00,12746.6,4062,0.0,3.138,145.2,173.0,12.7466,67.7,5.311220246967819
Matin félin avec les Guépards!,2025-07-06 08:29:47+00:00,18002.3,6015,66.0,2.993,138.8,161.0,18.002299999999998,100.25,5.568732884131473
Team run!,2025-07-05 04:22:30+00:00,35531.4,10916,210.0,3.255,149.4,172.0,35.531400000000005,181.93333333333334,5.120353640254347
8 km @ 5:20 /km,2025-07-04 16:21:46+00:00,8007.8,2567,76.0,3.12,142.5,170.0,8.0078,42.78333333333333,5.3427075268280095
Vendredi au tapis,2025-07-04 11:11:50+00:00,17000.4,4244,0.0,4.006,159.5,179.0,17.000400000000003,70.73333333333333,4.160686415221602
Soirée Guépards,2025-07-03 18:13:29+00:00,10053.0,3644,96.0,2.759,135.0,167.0,10.053,60.733333333333334,6.0413143671872405
12 km @ 5:15 /km,2025-07-03 09:35:37+00:00,12006.5,3783,134.0,3.174,146.8,182.0,12.0065,63.05,5.251322200474743
22 km @ 5:30 /km,2025-07-02 09:29:06+00:00,22003.7,7237,40.0,3.04,140.0,160.0,22.003700000000002,120.61666666666666,5.481653843065787
8 km @ 5:20 /km,2025-07-01 15:33:11+00:00,8003.1,2555,25.0,3.132,144.3,162.0,8.0031,42.583333333333336,5.320854835417943
Mardi au tapis,2025-07-01 10:34:05+00:00,13321.6,4245,0.0,3.138,147.3,175.0,13.3216,70.75,5.310923612779246
25 km,2025-06-29 07:38:13+00:00,25016.8,7610,39.0,3.287,149.6,176.0,25.0168,126.83333333333333,5.069926342830951
12 km @ 5:10 /km,2025-06-28 07:01:25+00:00,12005.0,3717,111.0,3.23,147.0,170.0,12.005,61.95,5.160349854227405
15 km,2025-06-27 11:07:18+00:00,15011.6,3779,52.0,3.972,164.7,178.0,15.0116,62.983333333333334,4.195644257329887
Demi-Cooper Guépards,2025-06-26 18:57:15+00:00,6669.1,1941,34.0,3.436,150.9,174.0,6.6691,32.35,4.850729483738435
Warm up Guépards,2025-06-26 18:17:12+00:00,3921.6,1372,19.0,2.858,133.5,159.0,3.9215999999999998,22.866666666666667,5.830953352373181
12 km @ 5:10 /km,2025-06-26 10:05:05+00:00,12004.5,3721,116.0,3.226,146.5,171.0,12.0045,62.016666666666666,5.166118261207602
Champs et rivière 🌞,2025-06-25 09:40:53+00:00,18004.4,5860,63.0,3.072,142.5,161.0,18.0044,97.66666666666667,5.424599912613954
fractions extérieures,2025-06-24 08:49:52+00:00,12029.5,3551,36.0,3.388,152.5,185.0,12.0295,59.18333333333333,4.919849813652548
Matin Guépards,2025-06-22 09:03:12+00:00,10494.5,3731,31.0,2.813,135.7,158.0,10.4945,62.18333333333333,5.925325964394047
Team run,2025-06-21 04:49:54+00:00,32181.5,10143,223.0,3.173,145.3,175.0,32.1815,169.05,5.253018038313939
14 km,2025-06-20 13:09:08+00:00,14005.5,3579,65.0,3.913,161.6,180.0,14.0055,59.65,4.259041090999965
14 km @ 5:20 /km,2025-06-19 11:00:32+00:00,14002.6,4481,60.0,3.125,142.2,161.0,14.002600000000001,74.68333333333334,5.3335332961973725
16 km @ 5:25 /km,2025-06-18 11:07:13+00:00,16610.6,5404,53.0,3.074,141.3,165.0,16.610599999999998,90.06666666666666,5.422240416761988
Soirée Guépards,2025-06-17 18:12:26+00:00,10790.5,3431,58.0,3.145,138.8,163.0,10.7905,57.18333333333333,5.299414608529108
Fractions extérieures,2025-06-17 10:08:17+00:00,13882.7,4022,29.0,3.452,152.7,178.0,13.882700000000002,67.03333333333333,4.828551602594115
28 km,2025-06-15 04:20:12+00:00,28002.7,8254,146.0,3.393,152.5,173.0,28.0027,137.56666666666666,4.912621521019997
Sortie repérage pour le demi de Tremblant,2025-06-14 09:18:57+00:00,13810.1,5527,180.0,2.499,118.8,165.0,13.8101,92.11666666666666,6.670238931410102
Sortie repérage pour le demi de Tremblant,2025-06-14 09:18:56+00:00,13725.1,5525,149.7,2.484,,,13.725100000000001,92.08333333333333,6.709119302105873
Tapis du vendredi,2025-06-13 12:28:38+00:00,11590.2,3244,0.0,3.573,150.8,172.0,11.590200000000001,54.06666666666667,4.664860543102506
Soirée Guépards,2025-06-12 18:31:34+00:00,8210.0,3051,35.0,2.691,139.1,159.0,8.21,50.85,6.193666260657734
14 km @ 5:20 /km,2025-06-12 12:47:03+00:00,14004.5,4487,62.0,3.121,143.4,162.0,14.0045,74.78333333333333,5.339950254084997
20 km @ 5:30 /km,2025-06-11 12:10:39+00:00,20011.7,6607,77.0,3.029,139.6,167.0,20.0117,110.11666666666666,5.502614303965513
Soirée Guépards,2025-06-10 18:31:50+00:00,7835.8,3160,36.0,2.48,130.7,161.0,7.8358,52.666666666666664,6.72128776470388
14 km,2025-06-10 04:17:44+00:00,14003.0,3855,43.0,3.632,159.9,179.0,14.003,64.25,4.588302506605728
24 km sur Gouin,2025-06-08 08:58:04+00:00,24014.9,6598,45.0,3.64,161.0,178.0,24.0149,109.96666666666667,4.57910158554342
10km @ 5:10 /km,2025-06-07 12:53:05+00:00,10017.5,3108,94.0,3.223,150.7,173.0,10.0175,51.8,5.170950836036935
tapis volant,2025-06-06 15:21:50+00:00,10605.9,3759,0.0,2.821,148.2,166.0,10.6059,62.65,5.907089450211674
Soirée Guépards,2025-06-05 18:14:16+00:00,11029.5,3773,55.0,2.923,138.4,174.0,11.0295,62.88333333333333,5.701376611209332
12 km @ 5:15 /km,2025-06-05 10:12:12+00:00,12006.1,3786,102.0,3.171,144.3,172.0,12.0061,63.1,5.255661705299806
22 km @ 5:35 /km,2025-06-04 11:09:29+00:00,22003.4,7378,25.0,2.982,137.5,152.0,22.003400000000003,122.96666666666667,5.588530257445061
Soirée Guépards,2025-06-03 18:31:53+00:00,8122.1,3034,37.0,2.677,134.2,161.0,8.1221,50.56666666666667,6.225811879522127
Tempo tapis,2025-06-03 11:22:16+00:00,20163.5,5459,0.0,3.694,156.9,167.0,20.1635,90.98333333333333,4.512278787578215
Sortie du dimanche,2025-06-01 11:59:40+00:00,28006.6,8153,95.0,3.435,155.0,180.0,28.0066,135.88333333333333,4.851832544233621
"Un ti 10, à 5:10 !",2025-05-31 13:18:39+00:00,10005.9,3108,100.0,3.219,150.1,172.0,10.0059,51.8,5.176945602094763
Session au tapis,2025-05-30 11:51:55+00:00,11490.6,3140,0.0,3.659,155.0,174.0,11.4906,52.333333333333336,4.5544474033847955
Soirée Guépards,2025-05-29 18:52:25+00:00,4843.6,1501,21.0,3.227,142.7,165.0,4.8436,25.016666666666666,5.164891127811269
12 km @ 5:15 /km,2025-05-29 13:04:35+00:00,12006.7,3780,82.0,3.176,145.1,173.0,12.0067,63.0,5.247070385701317
22 km + strides aux 4 km,2025-05-28 10:33:13+00:00,22004.1,7216,101.0,3.049,143.1,163.0,22.004099999999998,120.26666666666667,5.465648068617516
Soirée Guépards,2025-05-27 18:51:12+00:00,5856.9,2015,31.0,2.907,138.8,160.0,5.8568999999999996,33.583333333333336,5.733977587688596
Punch dans le 4:10 /km 👊✨,2025-05-27 12:57:35+00:00,13334.4,4064,0.0,3.281,147.8,170.0,13.3344,67.73333333333333,5.0795936325093995
26 km de gens heureux ! 🌞,2025-05-25 10:01:29+00:00,26003.0,7594,47.0,3.424,155.0,175.0,26.003,126.56666666666666,4.867387096360676
10 km @ 5:10 /km,2025-05-24 10:04:29+00:00,10004.5,3092,99.0,3.236,149.9,173.0,10.0045,51.53333333333333,5.151015376413946
Vendredi tapis,2025-05-23 10:59:37+00:00,13360.8,3762,0.0,3.552,150.8,169.0,13.3608,62.7,4.69283276450512
12 km @ 5:15 /km,2025-05-22 12:53:17+00:00,12003.0,3782,101.0,3.174,147.6,171.0,12.003,63.03333333333333,5.25146491154989
Tempo tranquille,2025-05-21 12:15:37+00:00,20003.2,6244,94.0,3.204,148.6,176.0,20.0032,104.06666666666666,5.202500933184024
Soirée Guépards,2025-05-20 19:00:36+00:00,6112.6,1830,25.0,3.34,150.7,178.0,6.1126000000000005,30.5,4.989693420148545
Tapis tempo,2025-05-20 10:06:42+00:00,17034.4,4548,0.0,3.745,155.9,168.0,17.0344,75.8,4.449819189404968
20 km @ 5:00/km + 5 km All In,2025-05-18 08:37:17+00:00,25004.2,7221,110.0,3.463,156.6,183.0,25.0042,120.35,4.8131913838475135
9.99km @ 5:10 /km,2025-05-17 09:18:18+00:00,9990.0,3097,38.0,3.226,147.0,172.0,9.99,51.61666666666667,5.166833500166834
Séance au tapis,2025-05-16 15:45:23+00:00,12121.5,3519,0.0,3.445,148.2,163.0,12.1215,58.65,4.838510085385472
Soirée Guépards,2025-05-15 18:53:56+00:00,6312.9,2082,31.0,3.032,156.7,180.0,6.3129,34.7,5.496681398406438
12 km de 🌞,2025-05-15 11:10:34+00:00,13629.4,4233,46.0,3.22,147.9,189.0,13.6294,70.55,5.176310035658209
Livraison de colis,2025-05-14 13:12:41+00:00,18003.8,5670,71.0,3.175,148.2,171.0,18.0038,94.5,5.248891900598763
"Mardi, dans le tapis !",2025-05-13 09:37:30+00:00,13251.1,3883,0.0,3.413,149.6,174.0,13.251100000000001,64.71666666666667,4.883871276095317
24 km sur Gouin,2025-05-11 09:29:07+00:00,23992.5,7583,44.0,3.164,147.1,166.0,23.9925,126.38333333333334,5.267618352957522
14 km @ 5:25 / km,2025-05-09 12:30:36+00:00,14007.9,4556,24.0,3.075,142.4,160.0,14.0079,75.93333333333334,5.420750671644811
18 km @ 5:30 /km,2025-05-08 11:12:26+00:00,18004.6,5937,80.0,3.033,141.7,164.0,18.0046,98.95,5.495817735467603
reBonjour le 4:10!,2025-05-07 10:59:01+00:00,13578.1,4067,0.0,3.339,149.8,178.0,13.578100000000001,67.78333333333333,4.992107388613527
10 km @ 5:20 /km,2025-05-06 12:36:07+00:00,10004.7,3200,82.0,3.126,145.2,172.0,10.004700000000001,53.333333333333336,5.330827844246537
Demi de Levis,2025-05-04 09:15:05+00:00,21397.1,7700,64.0,2.779,133.4,152.0,21.3971,128.33333333333334,5.997697507294603
Jeudi tapis,2025-05-01 12:17:50+00:00,10043.5,3034,0.0,3.31,146.4,166.0,10.0435,50.56666666666667,5.034765437015649
12 km @ 5:20 /km,2025-04-30 10:49:37+00:00,12004.9,3844,46.0,3.123,146.3,170.0,12.0049,64.06666666666666,5.336709732414819
Apprivoiser le 4:10 /km au tapis,2025-04-29 11:11:17+00:00,11977.6,3612,0.0,3.316,148.3,171.0,11.9776,60.2,5.026048624098316
14 km de tempo !,2025-04-27 13:34:58+00:00,14003.0,3821,12.0,3.665,161.7,176.0,14.003,63.68333333333333,4.547834987740722
14 km @ 5:20 /km,2025-04-25 07:43:18+00:00,14008.3,4485,57.0,3.123,144.6,173.0,14.008299999999998,74.75,5.3361221561502825
Session au tapis suant,2025-04-24 13:08:05+00:00,12490.0,3882,0.0,3.217,144.6,167.0,12.49,64.7,5.180144115292234
12 km @ 5:15 /km,2025-04-23 11:55:46+00:00,12004.5,3785,104.0,3.172,142.2,174.0,12.0045,63.083333333333336,5.254973829258472
24km @ 5:35 /km,2025-04-22 10:47:09+00:00,24004.1,8047,77.0,2.983,141.7,162.0,24.004099999999998,134.11666666666667,5.587239957618352
Session tempo,2025-04-20 09:33:04+00:00,16358.4,4557,67.0,3.59,162.4,179.0,16.3584,75.95,4.642874608763694
22 km @ 5:30 /km,2025-04-18 10:56:45+00:00,22006.6,7259,124.0,3.032,143.4,173.0,22.0066,120.98333333333333,5.497593146298535
14 km @ 5:25 /km,2025-04-17 03:58:03+00:00,14009.3,4554,43.0,3.076,141.7,170.0,14.0093,75.9,5.417829584633066
18 km @ 5:35 /km,2025-04-16 11:12:36+00:00,18002.8,6035,135.0,2.983,140.9,162.0,18.0028,100.58333333333333,5.587093859473711
Intervalles au tapis,2025-04-15 11:59:40+00:00,13951.5,4338,0.0,3.216,150.3,174.0,13.9515,72.3,5.18223846898183
Belle journée de printemps sur 24 km !,2025-04-13 09:28:55+00:00,24004.3,7157,66.0,3.354,154.4,180.0,24.0043,119.28333333333333,4.969248565187626
16 km @ 5:30 /km,2025-04-11 04:19:39+00:00,16009.7,5289,79.0,3.027,141.2,169.0,16.009700000000002,88.15,5.506036965089914
"Jeudi dans le tapis, avec du fractionné à 4:00 /km",2025-04-10 13:09:17+00:00,10003.3,2978,0.0,3.359,147.7,169.0,10.0033,49.63333333333333,4.961695973662025
14 km agréable en soirée  !,2025-04-09 18:00:44+00:00,14007.1,4436,12.0,3.158,162.4,183.0,14.007100000000001,73.93333333333334,5.278275541213622
Mardi au tapis,2025-04-08 12:49:00+00:00,12489.3,4066,0.0,3.072,142.3,165.0,12.4893,67.76666666666667,5.425977970476061
25 km sur Gouin 🌞,2025-04-06 09:57:15+00:00,25005.3,7523,66.0,3.324,155.3,182.0,25.0053,125.38333333333334,5.014270308028032
Vendredi au tapis,2025-04-04 11:45:26+00:00,10486.6,3247,0.0,3.23,139.6,161.0,10.486600000000001,54.11666666666667,5.160554103967603
12 km @ 5:15 /km,2025-04-03 12:49:14+00:00,12007.2,3780,54.0,3.177,151.0,174.0,12.007200000000001,63.0,5.246851888866679
20 km @ 5:35 /km,2025-04-02 05:37:14+00:00,20004.1,6702,40.0,2.985,145.9,170.0,20.004099999999998,111.7,5.58385530966152
Mardi dans'l tapis,2025-04-01 12:35:49+00:00,12769.2,4068,0.0,3.139,143.3,174.0,12.769200000000001,67.8,5.309651348557465
24 km tempo,2025-03-30 05:48:27+00:00,24004.1,7219,65.0,3.325,157.3,177.0,24.004099999999998,120.31666666666666,5.012338170007069
Race the pace !,2025-03-29 10:27:05+00:00,14005.1,4558,65.0,3.073,149.5,171.0,14.0051,75.96666666666667,5.424214512332412
Exorcice au tapis,2025-03-27 05:27:08+00:00,10432.1,3723,0.0,2.802,130.8,168.0,10.4321,62.05,5.9479874617766315
22 km @ 5:40 /km,2025-03-26 05:33:59+00:00,22006.3,7484,28.0,2.94,139.1,155.0,22.0063,124.73333333333333,5.668073839461124
Mardi tapis,2025-03-25 06:51:53+00:00,17658.1,4892,0.0,3.61,158.3,177.0,17.658099999999997,81.53333333333333,4.6173333106808405
Défi escalier après 4 coco loco,2025-03-24 20:02:17+00:00,83.1,34,0.0,2.444,65.8,81.0,0.0831,0.5666666666666667,6.81909346169274
Tour de l'île San Andrés,2025-03-23 06:18:38+00:00,30005.8,9889,50.0,3.034,150.4,172.0,30.0058,164.81666666666666,5.492826942346702
Tapis des 🔥enfers🔥,2025-03-21 19:14:12+00:00,9975.2,3121,0.0,3.196,162.0,187.0,9.975200000000001,52.016666666666666,5.214598871868901
"TEST ""BEEP BEEP""",2025-03-20 19:16:29+00:00,1886.9,751,0.0,2.513,164.3,187.0,1.8869,12.516666666666667,6.63345522638543
12 km à 5:15 /km,2025-03-20 04:43:11+00:00,12005.4,3780,30.0,3.176,153.0,169.0,12.0054,63.0,5.247638562646809
22 km à 5:40 /km,2025-03-19 04:08:40+00:00,22006.7,7486,102.0,2.94,143.6,171.0,22.006700000000002,124.76666666666667,5.6694855051719095
Mardi tapis,2025-03-18 11:26:16+00:00,11600.0,4065,0.0,2.854,135.5,164.0,11.6,67.75,5.8405172413793105
27 km à 5:40 /km,2025-03-16 04:30:26+00:00,27009.0,9176,148.0,2.943,142.7,168.0,27.009,152.93333333333334,5.662310094166142
"vendredi, dans le tapis!",2025-03-14 11:48:00+00:00,8660.0,3156,0.0,2.744,138.5,162.0,8.66,52.6,6.073903002309469
12 km à 5:15 /km,2025-03-13 03:57:03+00:00,11997.0,3782,69.0,3.172,156.4,175.0,11.997,63.03333333333333,5.254091300602928
20 km à 5:40 /km,2025-03-12 03:53:13+00:00,20005.5,6801,32.0,2.942,147.5,161.0,20.0055,113.35,5.665941865986853
Séance tempo,2025-03-11 11:07:57+00:00,18400.0,5464,0.0,3.367,150.0,165.0,18.4,91.06666666666666,4.949275362318841
Uptown Downtown MTL,2025-03-09 09:57:48+00:00,23448.0,8112,120.0,2.891,144.0,166.0,23.448,135.2,5.765950187649266
Vendredi dans le tapis 🤘🔥,2025-03-07 08:55:33+00:00,8279.2,3518,0.0,2.353,133.6,160.0,8.279200000000001,58.63333333333333,7.082004702547749
12 km à 5:15 /km,2025-03-06 04:59:40+00:00,12003.5,3781,29.0,3.175,151.5,171.0,12.0035,63.016666666666666,5.249857680398772
20 km à 5:40 /km,2025-03-05 04:41:28+00:00,20004.7,6793,79.0,2.945,143.8,172.0,20.0047,113.21666666666667,5.659503350046073
Lunch Run,2025-03-04 12:33:20+00:00,9230.6,3612,0.0,2.556,139.5,164.0,9.2306,60.2,6.5217862327476
25 km à 5:40 /km en terre aricole,2025-03-02 03:58:15+00:00,25005.8,8500,151.0,2.942,148.7,180.0,25.0058,141.66666666666666,5.665352304931922
Coros pod test au tapis: failed!,2025-02-28 11:14:20+00:00,8679.0,2717,0.0,3.194,137.4,165.0,8.679,45.28333333333333,5.2175749894381065
12 km à 5:15 /km,2025-02-27 05:12:45+00:00,12014.1,3778,24.0,3.18,153.4,167.0,12.014100000000001,62.96666666666667,5.241063972055057
18 km à 5:40 /km,2025-02-26 05:19:11+00:00,18007.1,6111,85.0,2.947,147.8,171.0,18.007099999999998,101.85,5.656102315197894
Morning Run,2025-02-25 10:59:14+00:00,15372.1,4857,0.0,3.165,148.4,160.0,15.3721,80.95,5.266033918592775
"Île Bigras, bon matin !",2025-02-23 04:32:25+00:00,24007.7,8159,131.0,2.942,145.8,171.0,24.0077,135.98333333333332,5.664154972501877
"Vendredi, dans le tapis !",2025-02-21 11:14:46+00:00,8937.3,3523,0.0,2.537,139.3,162.0,8.937299999999999,58.71666666666667,6.569843987184796
12 km à 5:15 /km,2025-02-20 04:43:08+00:00,12007.4,3779,33.0,3.177,153.9,165.0,12.0074,62.983333333333334,5.245376462292697
20 km à 5:40 /km,2025-02-19 04:51:41+00:00,20010.7,6789,64.0,2.948,148.5,184.0,20.0107,113.15,5.654474855952066
Lunch Run,2025-02-18 11:18:38+00:00,11565.1,3642,0.0,3.175,149.7,164.0,11.565100000000001,60.7,5.248549515352224
"Novablast 5, c'est courir sur les nuages ☁️ du paradis ! 👼",2025-02-16 04:54:49+00:00,22007.7,7306,128.0,3.012,154.2,173.0,22.0077,121.76666666666667,5.532911965660504
tapis du vendredi,2025-02-14 11:34:54+00:00,8362.3,3488,0.0,2.397,145.6,176.0,8.3623,58.13333333333333,6.951835420079803
12 km à 5:15 /km,2025-02-13 04:43:25+00:00,12011.7,3783,73.0,3.175,159.0,170.0,12.011700000000001,63.05,5.249048844043723
18 km à 5:30 /km,2025-02-12 04:45:58+00:00,18013.0,5940,100.0,3.032,152.2,172.0,18.013,99.0,5.496030644534502
Test au tapis,2025-02-11 11:50:19+00:00,7886.1,2636,0.0,2.992,157.9,199.0,7.886100000000001,43.93333333333333,5.570983544886994
20 km à 5:35 /km et plus rapide à la fin,2025-02-09 04:29:56+00:00,20020.8,6606,215.0,3.031,151.7,178.0,20.020799999999998,110.1,5.499280748022057
Tapis du vendredi,2025-02-07 11:58:50+00:00,7473.8,2975,0.0,2.512,145.3,172.0,7.4738,49.583333333333336,6.63428688663509
12 km à 5:15 ish /km,2025-02-06 04:44:11+00:00,12028.9,3811,26.0,3.156,158.4,171.0,12.0289,63.516666666666666,5.2803387397573065
16 km à 5:30 /km,2025-02-05 04:36:16+00:00,16020.1,5287,60.0,3.03,152.8,167.0,16.0201,88.11666666666666,5.5003818120153225
Tapis des enfers 🔥💀🔥,2025-02-04 11:23:13+00:00,11684.5,3641,0.0,3.209,160.1,192.0,11.6845,60.68333333333333,5.193489951074786
18km à 5:30 /km,2025-02-02 05:09:43+00:00,18022.8,5950,49.0,3.029,150.1,168.0,18.0228,99.16666666666667,5.502289692315659
Alternance au tapis,2025-01-31 12:27:09+00:00,7019.8,3157,0.0,2.224,137.4,179.0,7.0198,52.61666666666667,7.4954652079356485
"-18 °C  ☃️ Le désir au-delà de l'inconfort ...Anyway, à mi-parcours le desir devient plaisir 🤸‍♂️",2025-01-30 04:47:52+00:00,12011.5,3775,23.0,3.182,156.9,170.0,12.0115,62.916666666666664,5.238035771274751
15km à 5:25 /km,2025-01-29 04:36:50+00:00,15014.1,4882,45.0,3.075,154.4,170.0,15.014100000000001,81.36666666666666,5.419350255204551
Lunch Run,2025-01-28 11:50:06+00:00,8728.8,3612,0.0,2.417,153.3,187.0,8.7288,60.2,6.896709742461736
Faire le cerf-volant sur 15 km à 5:25 /km  🌪️🪁 vouiiii,2025-01-26 04:54:07+00:00,15013.5,4877,48.0,3.078,155.9,168.0,15.0135,81.28333333333333,5.414016274242071
Lunch Run,2025-01-24 11:11:14+00:00,7654.2,2977,0.0,2.571,148.9,181.0,7.6541999999999994,49.61666666666667,6.482279881198123
10km à 5:10 /km,2025-01-23 11:05:44+00:00,10010.0,3102,59.0,3.227,160.5,174.0,10.01,51.7,5.164835164835165
14 km à 5:20/km,2025-01-22 10:57:40+00:00,14026.9,4483,30.0,3.129,152.7,172.0,14.0269,74.71666666666667,5.326669946079795
Tapis jours 2,2025-01-21 12:03:55+00:00,12396.9,3529,0.0,3.513,142.6,170.0,12.3969,58.81666666666667,4.744465686314052
Dans la catégorie patinage artistique: 12 km en 5:15/km,2025-01-19 10:00:58+00:00,12021.3,3791,47.0,3.171,160.1,170.0,12.0213,63.18333333333333,5.255948469244868
Tapis qui roule,2025-01-18 15:13:09+00:00,9150.0,3684,0.0,2.484,154.0,183.0,9.15,61.4,6.710382513661202
45 min / 15 min R2 ...mettons!,2025-01-16 10:48:15+00:00,9129.7,2702,40.0,3.379,166.3,178.0,9.129700000000001,45.03333333333333,4.932619180622948
Morning Run,2025-01-14 04:54:55+00:00,7379.1,2405,31.0,3.068,158.0,172.0,7.3791,40.083333333333336,5.432008420177709
Morning Run,2025-01-12 05:16:32+00:00,14361.8,4490,51.0,3.199,160.1,172.0,14.361799999999999,74.83333333333333,5.210581774800745
"le serpents échelles, sans échelle",2025-01-11 10:45:10+00:00,5643.0,1802,28.0,3.132,157.4,172.0,5.643,30.033333333333335,5.322228129245674
Morning Run,2025-01-09 04:53:17+00:00,9620.9,3003,45.0,3.204,168.4,193.0,9.620899999999999,50.05,5.202216008897297
Morning Run,2025-01-07 04:56:05+00:00,8555.8,2702,39.0,3.166,154.0,168.0,8.5558,45.03333333333333,5.263485978322698
65 min 180 spm 140 bpm,2025-01-05 05:42:44+00:00,10805.5,3902,22.0,2.769,140.0,152.0,10.8055,65.03333333333333,6.018539941079388
30 min. 180spm 150bpm,2025-01-04 04:54:40+00:00,5197.9,1802,26.0,2.885,147.0,164.0,5.1979,30.033333333333335,5.777974438394994
"45 min. 2 x 6min en R2. 2025, la machine est repartie!",2025-01-02 04:52:30+00:00,9013.6,2704,36.0,3.333,165.2,179.0,9.0136,45.06666666666667,4.999852075382385
Lunch Run,2024-12-31 12:42:45+00:00,6482.3,2747,151.0,2.36,138.2,158.0,6.4823,45.78333333333333,7.062822352148671
Morning Run,2024-12-29 09:14:30+00:00,12297.3,3902,23.0,3.152,161.5,176.0,12.2973,65.03333333333333,5.288423746133975
Afternoon Run,2024-12-28 13:21:59+00:00,5848.2,1794,21.0,3.26,156.0,169.0,5.848199999999999,29.9,5.112684244724873
Morning Run,2024-12-26 09:34:45+00:00,8703.8,2800,221.0,3.109,153.8,166.0,8.7038,46.666666666666664,5.361642807356174
Morning Run,2024-12-24 10:22:21+00:00,7330.6,2408,35.0,3.044,157.3,170.0,7.3306000000000004,40.13333333333333,5.474767868023536
Morning Run,2024-12-22 04:38:07+00:00,11343.3,4200,94.0,2.701,142.5,171.0,11.3433,70.0,6.171043699805172
Morning Run,2024-12-21 04:40:38+00:00,5122.5,2116,41.0,2.421,130.1,165.0,5.1225,35.266666666666666,6.884659183341467
Course aux lumières de Noel!,2024-12-19 19:02:43+00:00,6299.2,2359,21.0,2.67,137.6,163.0,6.2992,39.31666666666667,6.241533316399967
Lunch Run,2024-12-17 11:19:22+00:00,6694.5,2403,42.0,2.786,147.3,174.0,6.6945,40.05,5.982522966614384
Ah que ça fait du bien!,2024-12-15 10:27:42+00:00,12262.3,4194,53.0,2.924,151.4,174.0,12.2623,69.9,5.7003987832625205
Lunch Run,2024-12-14 11:39:20+00:00,6474.1,2401,30.0,2.696,140.9,182.0,6.4741,40.016666666666666,6.1810393207807515
Morning Run,2024-12-12 04:39:04+00:00,7927.5,3047,36.0,2.602,139.2,160.0,7.9275,50.78333333333333,6.405970776831704
Morning Run,2024-12-10 04:44:11+00:00,7037.2,2727,28.0,2.581,138.7,163.0,7.0371999999999995,45.45,6.458534644460866
Morning Run,2024-12-08 09:50:06+00:00,10545.0,4022,36.0,2.622,138.8,159.0,10.545,67.03333333333333,6.356883198988462
Lunch Run,2024-12-07 11:32:06+00:00,5447.0,2138,31.0,2.548,126.6,153.0,5.447,35.63333333333333,6.541827305550456
Morning Run,2024-12-05 05:40:48+00:00,7543.4,2990,34.0,2.523,131.5,175.0,7.543399999999999,49.833333333333336,6.606216471794329
Début du programme de remise en forme de 8 semaines pour le 21.1 km.,2024-12-03 05:48:05+00:00,5968.0,2350,42.0,2.54,127.1,159.0,5.968,39.166666666666664,6.56277926720286
Recovery Completed!!!,2024-12-01 05:57:37+00:00,5803.5,2331,2.0,2.49,122.7,142.0,5.8035,38.85,6.694236236753683
Morning Run,2024-11-27 05:01:59+00:00,5740.6,2307,30.0,2.488,129.8,154.0,5.740600000000001,38.45,6.697906142215099
Morning Run,2024-11-25 04:56:12+00:00,5715.3,2571,16.0,2.223,123.0,145.0,5.7153,42.85,7.497419208090564
Morning Run,2024-11-23 09:29:30+00:00,4484.3,1996,21.0,2.247,120.4,144.0,4.4843,33.266666666666666,7.418474826988976
Third and last part of recovery UNLOCKED!!!!,2024-11-21 09:52:32+00:00,6491.4,2732,44.0,2.376,125.6,163.0,6.4914,45.53333333333333,7.0144088075505024
Morning Run,2024-11-19 04:52:22+00:00,4164.0,1952,18.0,2.133,118.7,153.0,4.164,32.53333333333333,7.813000320204932
mode trail au lever du soleil,2024-11-17 07:55:09+00:00,5702.6,2624,28.0,2.173,122.8,154.0,5.7026,43.733333333333334,7.669016472018611
Morning Run,2024-11-15 04:58:05+00:00,3711.6,1816,5.0,2.044,118.5,157.0,3.7116,30.266666666666666,8.154614362179833
Morning Run,2024-11-13 05:01:22+00:00,4414.3,2082,17.0,2.12,121.1,160.0,4.4143,34.7,7.860815984414291
Morning Run,2024-11-12 04:56:20+00:00,4766.1,2110,14.0,2.259,119.2,156.0,4.766100000000001,35.166666666666664,7.378499541903581
Morning Run,2024-11-10 05:01:52+00:00,5443.2,2339,15.0,2.327,125.1,158.0,5.4432,38.983333333333334,7.161841073878111
Morning Run,2024-11-09 04:48:01+00:00,4817.3,2046,19.0,2.354,125.4,161.0,4.8173,34.1,7.078654017810806
Morning Run,2024-11-08 04:53:48+00:00,6265.7,2715,27.0,2.308,128.8,153.0,6.2657,45.25,7.221858690968288
Morning Run,2024-11-07 07:29:40+00:00,4999.7,2164,10.0,2.31,122.1,147.0,4.9997,36.06666666666667,7.213766159302892
Morning Run,2024-11-06 04:51:10+00:00,4117.5,1864,9.0,2.209,116.7,143.0,4.1175,31.066666666666666,7.545031370167982
Recovery step 1 - COMPLETED!,2024-11-05 06:07:56+00:00,5274.6,2509,13.0,2.102,118.6,144.0,5.2746,41.81666666666667,7.927931343924974
Morning Run,2024-11-03 06:40:38+00:00,4179.0,1974,6.0,2.117,121.3,151.0,4.179,32.9,7.872696817420435
Morning Run,2024-11-02 09:39:43+00:00,3681.2,1736,12.0,2.121,117.2,143.0,3.6812,28.933333333333334,7.859755876706871
Morning Run,2024-10-31 05:44:28+00:00,2749.6,1386,9.0,1.984,116.2,137.0,2.7496,23.1,8.401221995926681
Too early Morning Run,2024-10-30 05:40:35+00:00,2443.3,1213,6.0,2.014,113.3,144.0,2.4433000000000002,20.216666666666665,8.27432843558575
Safari photo d'halloween,2024-10-29 19:03:02+00:00,5652.1,3176,23.0,1.78,123.5,147.0,5.652100000000001,52.93333333333333,9.365250673790861
Afternoon Run,2024-10-27 14:12:55+00:00,2636.0,1202,12.0,2.193,120.2,158.0,2.636,20.033333333333335,7.5998988366211435
"Retour progressif et début du ""night run mode""",2024-10-26 05:52:21+00:00,5519.0,2144,12.0,2.574,131.7,160.0,5.519,35.733333333333334,6.474602886996436
Run Rabbit Run!,2024-10-20 08:31:12+00:00,10182.3,4008,25.0,2.54,124.0,140.0,10.1823,66.8,6.560403838032665
Morning Run,2024-10-13 08:46:42+00:00,9877.3,3145,44.0,3.141,143.2,164.0,9.8773,52.416666666666664,5.306780867915996
Morning Run,2024-10-12 07:49:14+00:00,6237.7,1804,41.0,3.458,155.2,171.0,6.2377,30.066666666666666,4.820152727233863
Sortie avec le club des Guépards.,2024-10-10 18:20:23+00:00,11376.2,3836,53.0,2.966,137.6,164.0,11.3762,63.93333333333333,5.6199199498367935
Marathon Beneva de Québec,2024-10-06 08:05:55+00:00,42648.3,13116,277.0,3.252,149.8,172.0,42.648300000000006,218.6,5.125643929535292
Morning Run,2024-10-05 06:13:46+00:00,4743.2,1504,0.0,3.154,143.9,159.0,4.7432,25.066666666666666,5.284758531511779
Dernière pratique des D+ avant le marathon de dimanche.,2024-10-03 11:19:33+00:00,7254.4,2125,68.0,3.414,154.0,172.0,7.2543999999999995,35.416666666666664,4.882094544919865
Morning Run,2024-10-01 06:41:50+00:00,6471.8,1938,52.0,3.339,154.9,182.0,6.4718,32.3,4.99088352544887
Morning Run,2024-09-29 07:38:32+00:00,14684.3,4532,20.0,3.24,147.5,166.0,14.684299999999999,75.53333333333333,5.1438157306329435
Morning Run,2024-09-28 07:20:32+00:00,7278.1,2101,67.0,3.464,157.5,180.0,7.2781,35.016666666666666,4.811237365063226
Morning Run,2024-09-26 06:10:09+00:00,13188.0,3927,22.0,3.358,153.0,170.0,13.188,65.45,4.962845010615712
Morning Run,2024-09-25 06:06:54+00:00,7312.2,2107,69.0,3.47,156.2,181.0,7.3122,35.11666666666667,4.802476226944924
60 min / 3 x 3 min en R3,2024-09-24 06:19:40+00:00,12170.2,3626,14.0,3.356,151.0,181.0,12.170200000000001,60.43333333333333,4.965681199432493
Morning Run,2024-09-22 06:36:24+00:00,18090.9,5538,16.0,3.267,148.4,162.0,18.0909,92.3,5.10201261407669
Morning Run,2024-09-21 06:41:20+00:00,8357.5,2407,82.0,3.472,164.3,189.0,8.3575,40.11666666666667,4.800079768670854
70 min / 30 min R2,2024-09-19 12:01:00+00:00,14038.3,4205,28.0,3.338,153.1,171.0,14.0383,70.08333333333333,4.992294888507392
Morning Run,2024-09-18 06:25:05+00:00,7298.7,2103,65.0,3.471,156.9,179.0,7.2987,35.05,4.8022250537766995
Morning Run,2024-09-17 06:53:05+00:00,12830.8,3912,16.0,3.28,149.6,174.0,12.8308,65.2,5.081522586276772
165 minutes dont le premier 2.75km avec le club de course de la région.,2024-09-15 09:05:03+00:00,31083.4,9901,36.0,3.139,145.8,169.0,31.0834,165.01666666666668,5.308835798743595
Morning Run,2024-09-14 08:11:12+00:00,6135.9,1810,52.0,3.39,154.3,188.0,6.1358999999999995,30.166666666666668,4.916420845624386
50 min / 2x12 min R2 (8min entre),2024-09-12 07:10:23+00:00,10002.8,3007,15.0,3.327,149.7,165.0,10.002799999999999,50.11666666666667,5.010263792804682
Morning Run,2024-09-11 08:11:02+00:00,8206.5,2412,77.0,3.402,155.9,175.0,8.2065,40.2,4.898556022664961
45 min / 8 min R3,2024-09-10 09:09:08+00:00,9154.0,2706,71.0,3.383,153.1,171.0,9.154,45.1,4.926807952807516
95 minutes en R1,2024-09-08 07:55:13+00:00,18733.7,5704,21.0,3.284,149.7,183.0,18.733700000000002,95.06666666666666,5.074633770513388
40 minutes - pratiques de dénivelés,2024-09-07 10:08:31+00:00,8349.7,2428,82.0,3.439,157.1,189.0,8.3497,40.46666666666667,4.846481510313744
Morning Run,2024-09-05 07:36:45+00:00,12004.5,3601,16.0,3.334,150.8,166.0,12.0045,60.016666666666666,4.9995140711122215
Morning Run,2024-09-04 10:31:30+00:00,7220.4,2112,69.0,3.419,155.1,173.0,7.2204,35.2,4.875076173065205
Lunch Run,2024-09-03 12:06:58+00:00,12986.0,3903,23.0,3.327,150.3,172.0,12.986,65.05,5.00924072077622
Secret race,2024-09-01 09:54:48+00:00,28018.7,8760,303.0,3.198,152.2,192.0,28.0187,146.0,5.210805640518654
Morning Run,2024-08-31 08:53:49+00:00,6035.5,1803,53.0,3.347,153.2,174.0,6.0355,30.05,4.978874989644603
Lunch Run,2024-08-29 12:18:19+00:00,11818.1,3601,35.0,3.282,145.3,164.0,11.818100000000001,60.016666666666666,5.078368491269042
Lunch Run,2024-08-28 11:03:28+00:00,8310.3,2410,77.0,3.448,154.4,178.0,8.3103,40.166666666666664,4.833359405396516
Perdu quelque part dans un labyrinthe de pistes cyclable.,2024-08-27 12:30:08+00:00,12267.6,3601,31.0,3.407,155.1,177.0,12.2676,60.016666666666666,4.892290803960568
programme test sur 21.1 km,2024-08-25 07:22:33+00:00,21146.2,5831,37.0,3.627,160.8,176.0,21.1462,97.18333333333334,4.59578237855186
Morning Run,2024-08-24 07:03:31+00:00,6072.8,1827,54.0,3.324,150.7,176.0,6.0728,30.45,5.014161507047819
Lunch Run,2024-08-22 12:57:46+00:00,7760.0,2402,39.0,3.231,147.6,172.0,7.76,40.03333333333333,5.15893470790378
Morning Run,2024-08-21 07:17:46+00:00,6657.5,2097,87.0,3.175,150.4,174.0,6.6575,34.95,5.24971836274878
Morning Run,2024-08-20 07:04:36+00:00,12991.1,3929,34.0,3.306,149.1,174.0,12.991100000000001,65.48333333333333,5.04063038028599
Morning Run,2024-08-18 07:17:50+00:00,23045.6,7213,50.0,3.195,145.9,172.0,23.0456,120.21666666666667,5.2164693766561365
Morning Run,2024-08-17 07:38:19+00:00,6551.0,2102,49.0,3.117,144.5,169.0,6.551,35.03333333333333,5.347784053325191
Morning Run,2024-08-15 07:10:13+00:00,12748.9,3925,22.0,3.248,147.8,164.0,12.748899999999999,65.41666666666667,5.131161642703816
Morning Run,2024-08-14 07:14:12+00:00,8119.6,2400,81.0,3.383,153.0,175.0,8.1196,40.0,4.926351051775949
Morning Run,2024-08-13 06:37:31+00:00,13709.8,4203,19.0,3.262,148.3,176.0,13.7098,70.05,5.10948372696903
Morning Run,2024-08-11 07:48:39+00:00,17797.8,5717,19.0,3.113,142.8,159.0,17.7978,95.28333333333333,5.353657942741987
Morning Run,2024-08-10 07:24:02+00:00,5897.0,1802,53.0,3.272,148.5,172.0,5.897,30.033333333333335,5.092985133683794
Morning Run,2024-08-08 06:37:58+00:00,14524.5,4504,145.0,3.225,146.7,169.0,14.5245,75.06666666666666,5.1682788851021835
Morning Run,2024-08-07 06:59:46+00:00,6743.0,2101,67.0,3.209,146.7,175.0,6.743,35.016666666666666,5.193039695486677
Morning Run,2024-08-06 07:46:59+00:00,9668.3,3013,25.0,3.209,145.4,175.0,9.668299999999999,50.21666666666667,5.19394998776069
Morning Run,2024-08-04 08:39:56+00:00,23811.5,7808,60.0,3.05,142.7,172.0,23.8115,130.13333333333333,5.465146392849394
Morning Run,2024-08-03 07:32:07+00:00,6386.2,2104,43.0,3.035,142.2,166.0,6.3862,35.06666666666667,5.491006649755202
Morning Run,2024-07-28 07:24:50+00:00,21235.7,5821,38.0,3.648,162.0,175.0,21.2357,97.01666666666667,4.568564571295821
Morning Run,2024-07-27 09:09:35+00:00,8906.9,2422,85.0,3.677,160.0,177.0,8.9069,40.36666666666667,4.532066899445
"Dans les champs, ça sent le champ!",2024-07-25 09:06:07+00:00,15391.1,4210,47.0,3.656,161.5,179.0,15.3911,70.16666666666667,4.558911752029853
Morning Run,2024-07-24 10:42:06+00:00,7835.3,2129,76.0,3.68,161.8,174.0,7.8353,35.483333333333334,4.5286502537660756
Morning Run,2024-07-23 10:14:31+00:00,13990.8,3905,20.0,3.583,158.2,177.0,13.9908,65.08333333333333,4.651866464629137
Morning Run,2024-07-21 06:00:07+00:00,8172.1,2402,0.0,3.402,150.1,170.0,8.1721,40.03333333333333,4.898781626917601
Morning Run,2024-07-20 05:59:57+00:00,21814.8,6265,35.0,3.482,156.2,171.0,21.814799999999998,104.41666666666667,4.786505797287469
Morning Run,2024-07-19 07:18:38+00:00,6573.4,1805,47.0,3.642,161.0,178.0,6.5733999999999995,30.083333333333332,4.576525593046724
Lunch Run,2024-07-17 12:28:06+00:00,7923.2,2278,74.0,3.478,156.3,174.0,7.9232,37.96666666666667,4.791834948842219
Morning Run,2024-07-16 10:10:18+00:00,10409.8,3054,43.0,3.409,154.4,173.0,10.409799999999999,50.9,4.889623239639571
Morning Run,2024-07-14 07:51:43+00:00,21506.4,6115,33.0,3.517,158.3,174.0,21.506400000000003,101.91666666666667,4.738899428387208
Morning Run,2024-07-13 08:35:12+00:00,8098.7,2104,60.0,3.849,165.7,183.0,8.0987,35.06666666666667,4.329913031309553
Morning Run,2024-07-11 07:34:25+00:00,15607.0,4503,22.0,3.466,154.9,174.0,15.607,75.05,4.808739668097648
Morning Run,2024-07-09 07:57:28+00:00,12292.3,3605,20.0,3.41,153.1,175.0,12.2923,60.083333333333336,4.887883742939348
Morning Run,2024-07-07 05:28:12+00:00,16620.8,5134,177.0,3.237,149.4,173.0,16.6208,85.56666666666666,5.148167757669105
Morning Run,2024-07-06 08:20:55+00:00,8710.1,2631,48.0,3.311,149.9,172.0,8.7101,43.85,5.034385368709889
Morning Run,2024-07-04 06:41:05+00:00,15331.0,4602,19.0,3.331,150.9,172.0,15.331,76.7,5.00293522927402
Morning Run,2024-07-02 08:06:01+00:00,9974.2,3001,37.0,3.324,150.8,173.0,9.974200000000002,50.016666666666666,5.014604345879034
Morning Run,2024-06-30 07:13:47+00:00,16506.0,4846,28.0,3.406,154.7,173.0,16.506,80.76666666666667,4.893170160345733
Morning Run,2024-06-29 06:17:21+00:00,6664.9,1835,60.0,3.632,160.0,178.0,6.664899999999999,30.583333333333332,4.588716009742582
Morning Run,2024-06-27 06:47:29+00:00,11099.5,3049,13.0,3.64,159.3,178.0,11.0995,50.81666666666667,4.578284307100921
Morning Run,2024-06-25 07:19:59+00:00,9091.4,2667,12.0,3.409,153.8,172.0,9.0914,44.45,4.889235981257013
Morning Run,2024-06-23 06:19:03+00:00,18717.4,5602,35.0,3.341,149.7,171.0,18.7174,93.36666666666666,4.988228422038673
Morning Run,2024-06-22 07:45:01+00:00,6725.9,1847,58.0,3.642,162.1,185.0,6.725899999999999,30.783333333333335,4.576834822601189
Morning Run,2024-06-20 06:27:32+00:00,11898.2,3646,18.0,3.263,147.7,171.0,11.898200000000001,60.766666666666666,5.107215096961444
Lunch Run,2024-06-18 12:24:59+00:00,9058.0,2703,40.0,3.351,151.4,175.0,9.058,45.05,4.973504084786929
Morning Run,2024-06-16 09:31:30+00:00,22429.6,6602,47.0,3.397,153.9,173.0,22.429599999999997,110.03333333333333,4.905719822615354
Morning Run,2024-06-15 06:24:40+00:00,6671.7,1958,59.0,3.407,153.8,176.0,6.6716999999999995,32.63333333333333,4.891307063167309
Morning Run,2024-06-13 09:14:48+00:00,12224.2,3734,21.0,3.274,156.8,196.0,12.224200000000002,62.233333333333334,5.09099436636617
Morning Run,2024-06-11 06:10:01+00:00,11327.1,3420,13.0,3.312,146.6,171.0,11.3271,57.0,5.032179463410759
Morning Run,2024-06-09 08:31:09+00:00,17508.9,5422,30.0,3.229,147.5,168.0,17.5089,90.36666666666666,5.1611846927372165
Afternoon Run,2024-06-08 13:13:15+00:00,6669.3,1888,59.0,3.532,156.7,180.0,6.6693,31.466666666666665,4.7181363361472215
Morning Run,2024-06-06 06:11:27+00:00,12113.5,3774,15.0,3.21,147.3,164.0,12.1135,62.9,5.192553762331283
Morning Run,2024-06-04 06:21:49+00:00,11016.7,3297,28.0,3.341,151.7,174.0,11.0167,54.95,4.9878820336398375
Morning Run,2024-06-02 06:26:34+00:00,16761.9,5345,20.0,3.136,143.6,161.0,16.7619,89.08333333333333,5.314632191656872
Lunch Run,2024-06-01 12:44:14+00:00,4675.4,1515,24.0,3.086,142.4,168.0,4.6754,25.25,5.4006074346579975
Morning Run,2024-05-30 09:21:48+00:00,8725.8,3003,21.0,2.906,135.1,151.0,8.7258,50.05,5.735863760342891
Lunch Run,2024-05-28 11:11:23+00:00,7810.3,3021,20.0,2.585,127.2,157.0,7.8103,50.35,6.446615366887316
Morning Run,2024-05-26 08:51:06+00:00,21343.8,7780,94.0,2.743,131.5,148.0,21.343799999999998,129.66666666666666,6.075144382287441
Lunch Run,2024-05-23 11:15:34+00:00,4527.7,1589,31.0,2.849,136.4,151.0,4.527699999999999,26.483333333333334,5.849180231316858
Morning Run,2024-05-21 10:37:19+00:00,5322.5,1888,31.0,2.819,141.6,154.0,5.3225,31.466666666666665,5.912008767809613
Morning Run,2024-05-19 06:42:12+00:00,12455.5,4384,17.0,2.841,133.0,147.0,12.4555,73.06666666666666,5.866217066088608
Lunch Run,2024-05-18 12:13:07+00:00,3753.8,1287,24.0,2.917,138.5,159.0,3.7538,21.45,5.714209600937716
Lunch Run,2024-05-16 12:28:41+00:00,5332.3,1807,27.0,2.951,137.3,161.0,5.3323,30.116666666666667,5.647969294050722
Lunch Run,2024-05-14 11:39:28+00:00,4479.0,1501,21.0,2.984,138.7,163.0,4.479,25.016666666666666,5.58532410508298
Morning Run,2024-05-12 06:06:02+00:00,14595.0,5210,19.0,2.801,131.8,148.0,14.595,86.83333333333333,5.949526093410985
Lunch Run,2024-05-11 12:34:53+00:00,4337.9,1546,25.0,2.806,134.9,155.0,4.337899999999999,25.766666666666666,5.939894111590094
Lunch Run,2024-05-09 12:24:34+00:00,7586.5,2648,33.0,2.865,136.3,165.0,7.5865,44.13333333333333,5.8173509962872645
Morning Run,2024-05-07 10:39:17+00:00,5643.7,1921,26.0,2.938,138.8,162.0,5.6437,32.016666666666666,5.6729923041031
Lunch Run,2024-05-05 12:12:38+00:00,17280.8,6417,21.0,2.693,130.5,153.0,17.2808,106.95,6.188949585667331
Lunch Run,2024-05-04 12:11:43+00:00,4334.8,1519,21.0,2.854,132.7,154.0,4.3348,25.316666666666666,5.840330964904186
Lunch Run,2024-05-02 12:25:06+00:00,7725.6,2703,34.0,2.858,133.0,152.0,7.7256,45.05,5.831262296779538
Morning Run,2024-04-30 10:09:42+00:00,6293.6,2108,34.0,2.986,139.9,166.0,6.2936000000000005,35.13333333333333,5.5823905766704796
Morning Run,2024-04-28 06:33:42+00:00,12522.3,4510,93.0,2.777,133.5,154.0,12.5223,75.16666666666667,6.002624650956029
Morning Run,2024-04-27 06:22:40+00:00,5969.7,2102,41.0,2.84,133.1,157.0,5.9697,35.03333333333333,5.868524939835056
Morning Run,2024-04-25 10:48:38+00:00,7702.0,2706,36.0,2.846,133.3,150.0,7.702,45.1,5.8556219163853545
Morning Run,2024-04-23 09:54:05+00:00,6021.2,2110,29.0,2.854,138.1,164.0,6.021199999999999,35.166666666666664,5.840474766934609
Afternoon Run,2024-04-21 14:08:09+00:00,13959.4,5281,38.0,2.643,129.9,158.0,13.9594,88.01666666666667,6.305189812360608
Lunch Run,2024-04-19 11:36:37+00:00,4042.1,1513,21.0,2.672,132.2,155.0,4.0421,25.216666666666665,6.23850638694408
Lunch Run,2024-04-18 11:11:01+00:00,8248.5,3003,44.0,2.747,134.3,164.0,8.2485,50.05,6.067769897557131
Morning Run,2024-04-16 08:23:46+00:00,5631.8,2138,21.0,2.634,131.1,157.0,5.6318,35.63333333333333,6.327165974170484
Morning Run,2024-04-14 09:18:53+00:00,21116.6,7846,43.0,2.691,129.5,154.0,21.1166,130.76666666666668,6.192600450198739
Lunch Run,2024-04-13 12:35:49+00:00,3343.2,1204,18.0,2.777,130.9,155.0,3.3432,20.066666666666666,6.002233389168063
Lunch Run,2024-04-11 11:36:04+00:00,4967.5,1801,27.0,2.758,131.5,154.0,4.9675,30.016666666666666,6.042610300285187
Lunch Run,2024-04-09 12:30:56+00:00,6996.7,2404,31.0,2.91,136.9,163.0,6.9967,40.06666666666667,5.726509163843908
Lunch Run,2024-04-07 12:05:39+00:00,11930.6,4221,39.0,2.826,134.4,153.0,11.9306,70.35,5.896602014986672
Lunch Run,2024-04-06 12:25:26+00:00,5068.5,1807,26.0,2.805,129.6,153.0,5.0685,30.116666666666667,5.941928907303279
Afternoon Run,2024-04-04 14:48:25+00:00,7862.5,2694,58.0,2.919,135.1,162.0,7.8625,44.9,5.710651828298887
Lunch Run,2024-04-02 11:45:28+00:00,7822.8,2701,51.0,2.896,136.7,168.0,7.8228,45.016666666666666,5.754546539176084
Lunch Run,2024-03-31 12:08:41+00:00,11922.0,4263,59.0,2.797,134.4,158.0,11.922,71.05,5.959570541855393
Lunch Run,2024-03-30 12:41:35+00:00,5126.5,1820,37.0,2.817,130.8,153.0,5.1265,30.333333333333332,5.916967391657726
Lunch Run,2024-03-28 11:06:51+00:00,7778.1,2702,39.0,2.879,133.8,160.0,7.7781,45.03333333333333,5.789760138508547
Lunch Run,2024-03-26 11:27:58+00:00,7366.6,2562,35.0,2.875,142.5,161.0,7.3666,42.7,5.796432546900878
Afternoon Run,2024-03-23 17:00:03+00:00,14148.3,5052,2.0,2.801,137.5,169.0,14.148299999999999,84.2,5.951245025904173
Morning Run,2024-03-21 09:10:29+00:00,7129.6,2399,0.0,2.972,136.0,149.0,7.1296,39.983333333333334,5.608075254338719
Afternoon Run,2024-03-19 15:30:45+00:00,6289.8,2106,0.0,2.987,138.5,165.0,6.2898000000000005,35.1,5.580463607745874
Afternoon Run,2024-03-18 15:12:48+00:00,10600.1,3896,3.0,2.721,143.9,163.0,10.600100000000001,64.93333333333334,6.125728373631695
Lunch Run,2024-03-16 12:05:35+00:00,5099.6,1863,28.0,2.737,129.4,156.0,5.099600000000001,31.05,6.088712840222762
Afternoon Run,2024-03-14 13:20:05+00:00,7733.2,2762,37.0,2.8,133.5,155.0,7.7332,46.03333333333333,5.952688839462749
Lunch Run,2024-03-12 12:19:28+00:00,7716.4,2763,36.0,2.793,132.5,155.0,7.716399999999999,46.05,5.967808822767093
Afternoon Run,2024-03-10 13:29:31+00:00,4981.7,1826,30.0,2.728,134.6,160.0,4.9817,30.433333333333334,6.109025700731343
Lunch Run,2024-03-09 12:31:43+00:00,5010.6,1775,31.0,2.823,133.6,154.0,5.0106,29.583333333333332,5.904149868944504
Afternoon Run,2024-03-08 13:33:14+00:00,3392.4,1259,23.0,2.695,131.1,157.0,3.3924000000000003,20.983333333333334,6.185394804071847
Lunch Run,2024-03-05 12:01:51+00:00,6737.5,2406,33.0,2.8,129.9,152.0,6.7375,40.1,5.951762523191095
Afternoon Run,2024-03-03 16:56:32+00:00,11524.9,4390,36.0,2.625,130.2,150.0,11.524899999999999,73.16666666666667,6.348572800342448
Lunch Run,2024-03-02 12:44:38+00:00,4102.2,1506,31.0,2.724,135.1,156.0,4.1022,25.1,6.118668031787822
Lunch Run,2024-02-29 12:16:54+00:00,5916.6,2102,37.0,2.815,133.7,161.0,5.916600000000001,35.03333333333333,5.921193478236374
Afternoon Run,2024-02-27 13:15:11+00:00,7043.3,2545,23.0,2.767,133.2,167.0,7.0433,42.416666666666664,6.022271757083564
Lunch Run,2024-02-25 12:40:50+00:00,9747.1,3603,47.0,2.705,128.6,147.0,9.7471,60.05,6.160806804075058
Morning Run,2024-02-24 10:23:55+00:00,4010.1,1506,29.0,2.663,126.1,148.0,4.0100999999999996,25.1,6.259195531283511
Lunch Run,2024-02-22 11:21:53+00:00,5152.4,1947,33.0,2.646,129.6,157.0,5.152399999999999,32.45,6.298035866780531
Lunch Run,2024-02-20 11:26:35+00:00,5436.7,1902,24.0,2.858,129.4,167.0,5.4367,31.7,5.830742913899976
Lunch Run,2024-02-14 12:04:42+00:00,5006.7,1459,35.0,3.432,148.0,172.0,5.0066999999999995,24.316666666666666,4.856825187581974
Afternoon Run,2024-02-12 15:27:42+00:00,5004.4,1431,25.0,3.497,153.7,174.0,5.0043999999999995,23.85,4.765806090640237
Lunch Run,2024-02-09 11:24:13+00:00,5003.1,1476,30.0,3.39,151.3,175.0,5.003100000000001,24.6,4.916951490076152
Lunch Run,2024-02-07 12:45:18+00:00,5007.7,1518,29.0,3.299,144.5,181.0,5.0077,25.3,5.052219581843961
Lunch Run,2024-02-05 12:27:57+00:00,4525.6,1397,25.0,3.239,145.6,170.0,4.525600000000001,23.283333333333335,5.144805845265452
Lunch Run,2024-01-29 11:21:30+00:00,4691.5,1392,28.0,3.37,146.9,173.0,4.6915,23.2,4.945113503143984
Morning Run,2024-01-15 10:44:11+00:00,1070.7,318,0.0,3.367,139.3,161.0,1.0707,5.3,4.950032688895115
Morning Run,2024-01-03 10:31:52+00:00,5714.0,2229,33.0,2.563,134.1,180.0,5.714,37.15,6.501575078753937
Lunch Run,2023-12-27 11:06:13+00:00,5003.0,1430,18.0,3.499,152.5,171.0,5.003,23.833333333333332,4.763808381637683
Lunch Run,2023-12-20 12:44:37+00:00,5002.8,1454,20.0,3.441,144.5,176.0,5.002800000000001,24.233333333333334,4.843954052397324
Afternoon Run,2023-12-18 14:14:49+00:00,10158.5,2967,29.0,3.424,154.4,174.0,10.1585,49.45,4.867844662105626
Morning Run,2023-12-14 09:42:17+00:00,10058.5,2971,4.0,3.386,150.8,166.0,10.0585,49.516666666666666,4.922867889513015
Afternoon Run,2023-12-11 16:08:27+00:00,10020.2,2881,2.0,3.478,153.9,168.0,10.0202,48.016666666666666,4.791986853223156
Morning Run,2023-12-06 10:55:02+00:00,10151.7,3075,39.0,3.301,145.2,167.0,10.1517,51.25,5.048415536314115
Lunch Run,2023-12-04 12:44:51+00:00,10166.8,3225,38.0,3.152,143.2,172.0,10.166799999999999,53.75,5.2868159106110095
Lunch Run,2023-12-01 12:23:30+00:00,10123.7,2878,35.0,3.518,154.7,180.0,10.123700000000001,47.96666666666667,4.738056902779286
Lunch Run,2023-11-29 11:01:32+00:00,10145.5,2971,38.0,3.415,152.9,184.0,10.1455,49.516666666666666,4.880653163142937
Afternoon Run,2023-11-27 14:10:37+00:00,10055.9,2958,32.0,3.4,150.2,175.0,10.0559,49.3,4.902594496763094
Lunch Run,2023-11-20 12:14:27+00:00,10008.0,2840,56.0,3.524,156.1,176.0,10.008,47.333333333333336,4.7295496935784715
Lunch Run,2023-11-17 11:48:12+00:00,9998.0,2837,38.0,3.524,164.5,180.0,9.998,47.28333333333333,4.729279189171168
Morning Run,2023-11-15 10:13:34+00:00,10006.3,2743,39.0,3.648,158.5,182.0,10.0063,45.71666666666667,4.568788330018755
Lunch Run,2023-11-13 11:59:48+00:00,10064.2,2813,39.0,3.578,155.7,175.0,10.064200000000001,46.88333333333333,4.658426236892483
Lunch Run,2023-11-10 11:27:38+00:00,10008.2,2827,43.0,3.54,153.1,174.0,10.0082,47.11666666666667,4.707806265528933
Morning Run,2023-11-08 10:40:32+00:00,10067.0,2813,36.0,3.579,155.3,173.0,10.067,46.88333333333333,4.657130558590775
Lunch Run,2023-11-06 12:19:02+00:00,10013.1,2810,38.0,3.563,155.5,178.0,10.0131,46.833333333333336,4.677206193220215
Lunch Run,2023-11-03 11:20:49+00:00,10005.1,2836,49.0,3.528,158.1,182.0,10.0051,47.266666666666666,4.724257295445989
Lunch Run,2023-11-01 11:44:36+00:00,9008.7,2570,42.0,3.505,154.9,178.0,9.008700000000001,42.833333333333336,4.754663084943814
Lunch Run,2023-10-30 12:16:24+00:00,9003.7,2577,39.0,3.494,153.5,178.0,9.0037,42.95,4.770261114874996
Lunch Run,2023-10-27 12:07:52+00:00,7632.7,2152,34.0,3.547,156.0,187.0,7.6327,35.86666666666667,4.6990798363182975
Morning Run,2023-10-25 10:57:25+00:00,7701.3,2228,33.0,3.457,149.6,175.0,7.7013,37.13333333333333,4.821696769809426
Lunch Run,2023-10-23 11:44:49+00:00,7664.8,2152,34.0,3.562,156.5,179.0,7.6648000000000005,35.86666666666667,4.679400201788261
Lunch Run,2023-10-18 11:51:42+00:00,7001.3,1979,32.0,3.538,158.3,181.0,7.0013000000000005,32.983333333333334,4.7110298563600095
Lunch Run,2023-10-16 11:16:44+00:00,7643.2,2143,37.0,3.567,153.6,176.0,7.6432,35.71666666666667,4.6729990928755845
Lunch Run,2023-10-13 11:54:16+00:00,7646.3,2128,35.0,3.593,153.7,174.0,7.6463,35.46666666666667,4.638408990840886
Lunch Run,2023-10-11 11:20:36+00:00,7672.8,2170,35.0,3.536,149.8,174.0,7.6728000000000005,36.166666666666664,4.713620408021408
Lunch Run,2023-10-09 12:57:36+00:00,7682.8,2175,35.0,3.532,151.9,173.0,7.6828,36.25,4.718331858176707
Lunch Run,2023-10-06 11:18:59+00:00,7728.3,2201,33.0,3.511,152.8,180.0,7.7283,36.68333333333333,4.746623880197887
Lunch Run,2023-10-04 11:25:14+00:00,7245.1,2191,29.0,3.307,142.5,169.0,7.245100000000001,36.516666666666666,5.040188081139896
Lunch Run,2023-10-02 12:05:27+00:00,7003.2,2023,33.0,3.462,147.2,169.0,7.0032,33.71666666666667,4.814465768029853
Lunch Run,2023-09-27 11:42:56+00:00,5643.1,1577,26.0,3.578,150.4,178.0,5.6431000000000004,26.283333333333335,4.657605453267412
Lunch Run,2023-09-25 12:17:40+00:00,5631.3,1565,30.0,3.598,153.0,175.0,5.6313,26.083333333333332,4.631849365747399
Lunch Run,2023-09-22 12:21:14+00:00,5653.5,1581,25.0,3.576,148.6,172.0,5.6535,26.35,4.660829574599806
Lunch Run,2023-09-20 11:38:04+00:00,5634.0,1597,26.0,3.528,149.0,172.0,5.634,26.616666666666667,4.724292983078925
Lunch Run,2023-09-18 11:35:36+00:00,5631.3,1593,27.0,3.535,150.3,172.0,5.6313,26.55,4.714719514144158
Lunch Run,2023-09-15 11:50:55+00:00,5627.3,1589,25.0,3.541,148.7,169.0,5.6273,26.483333333333334,4.70622382551727
Lunch Run,2023-09-13 11:13:21+00:00,5622.3,1587,28.0,3.543,150.4,176.0,5.6223,26.45,4.704480372801166
Lunch Run,2023-09-11 11:48:04+00:00,5678.6,1628,27.0,3.488,147.2,168.0,5.6786,27.133333333333333,4.778173023867385
Lunch Run,2023-09-08 12:08:51+00:00,5536.8,1604,25.0,3.452,151.4,179.0,5.5368,26.733333333333334,4.828300341954438
Lunch Run,2023-09-06 11:39:56+00:00,6502.1,1921,30.0,3.385,150.4,175.0,6.5021,32.016666666666666,4.924050178660227
Lunch Run,2023-09-04 12:27:12+00:00,6474.2,1873,28.0,3.457,150.3,171.0,6.4742,31.216666666666665,4.821702552696343
Lunch Run,2023-09-01 12:25:12+00:00,5615.5,1587,27.0,3.538,149.0,173.0,5.6155,26.45,4.710177188139969
Lunch Run,2023-08-30 12:06:28+00:00,5514.3,1572,30.0,3.508,155.1,182.0,5.5143,26.2,4.751283027764177
Morning Run,2023-08-28 10:33:32+00:00,5005.8,1382,25.0,3.622,155.9,179.0,5.0058,23.033333333333335,4.601329124881804
Lunch Run,2023-08-25 12:32:18+00:00,5009.5,1454,23.0,3.445,142.8,166.0,5.0095,24.233333333333334,4.837475463286423
Lunch Run,2023-08-23 12:14:25+00:00,5004.1,1463,25.0,3.42,146.3,169.0,5.0041,24.383333333333333,4.872671076384031
Afternoon Run,2023-08-21 13:24:41+00:00,4998.0,1436,25.0,3.481,146.6,173.0,4.998,23.933333333333334,4.788582099506469
Lunch Run,2023-08-18 11:11:46+00:00,5002.1,1477,24.0,3.387,143.7,169.0,5.0021,24.616666666666667,4.9212664014447265
Lunch Run,2023-08-16 12:13:32+00:00,5006.3,1484,24.0,3.374,145.1,165.0,5.0063,24.733333333333334,4.940441710111926
Lunch Run,2023-08-11 12:34:34+00:00,5003.3,1460,23.0,3.427,141.6,183.0,5.0033,24.333333333333332,4.863456785188442
Lunch Run,2023-08-09 11:36:26+00:00,5007.4,1477,26.0,3.39,151.7,176.0,5.0074,24.616666666666667,4.916057568132498
Lunch Run,2023-08-07 11:33:54+00:00,5023.0,1433,27.0,3.505,116.4,134.0,5.023,23.883333333333333,4.7547946114539785
Lunch Run,2023-08-04 12:01:29+00:00,5016.9,1475,23.0,3.401,162.3,179.0,5.0169,24.583333333333332,4.900104314085059
Lunch Run,2023-08-02 12:13:57+00:00,5012.8,1478,30.0,3.392,124.0,146.0,5.0128,24.633333333333333,4.914086604957974
Lunch Run,2023-07-31 12:54:04+00:00,5020.4,1440,26.0,3.486,,,5.0203999999999995,24.0,4.780495578041591
Lunch Run,2023-07-28 11:17:50+00:00,5032.3,1510,29.0,3.333,,,5.0323,25.166666666666668,5.001026700845869
